Timestamp,MAC Address,RSSI,Name,Manufacturer Data
2026-03-16T16:17:42.296440,04:59:95:6D:80:B3,-80,Unknown,
2026-03-16T16:17:42.301346,6C:29:63:C2:6E:1D,-90,Unknown,{76: b'\x10\x06\x06\x19\x91G7\x08'}
2026-03-16T16:17:42.330713,64:C9:4C:31:47:39,-86,Unknown,{76: b'\x10\x07=\x1f\x14\t\xb0\x058'}
2026-03-16T16:17:42.331552,00:00:00:00:00:00,-78,Unknown,
2026-03-16T16:17:42.331838,32:55:BF:6F:C9:61,-80,Unknown,"{6: b'\x01\t ""7\xa7\x12\x83o9\x08\x03\xc5\x1a\xe0N\xe1\xb6\xe9Z\xa9Z^K\xed\xb7|'}"
2026-03-16T16:17:42.332281,2D:D7:76:63:C3:4A,-92,Unknown,"{6: b'\x01\x0f ""\xc4j \xe1;\x82b\xac\xca[\x03/\x81\x95\xb8\xef\x90\xa9\xe3[WW\xe0'}"
2026-03-16T16:17:42.359762,4D:39:28:C6:A0:AD,-86,Unknown,{76: b'\x16\x08\x00\xd2\xb1\x07\xa8x\xe9K'}
2026-03-16T16:17:42.360691,24:D8:29:A3:A4:CE,-78,Unknown,"{6: b'\x01\t ""\x15$i\x1e%\xf0\x9bm\x9c\xa6\x06\xce\x0c\xa7C\xdcE\x0c\xf2\xed\xe8\xe3\xfd'}"
2026-03-16T16:17:42.360932,3D:5D:8F:2A:E3:1C,-76,Unknown,
2026-03-16T16:17:42.361091,E0:89:7E:7E:1F:45,-88,Unknown,{76: b'\x10\x05\t\x14\xa8H\xf9'}
2026-03-16T16:17:42.406872,40:B8:70:B5:21:6F,-74,Unknown,{76: b'\x10\x076\x1f\xe3ji\x9bX'}
2026-03-16T16:17:42.407499,4E:37:4D:F9:CC:C5,-92,Unknown,{76: b'\x07\x19\x01\x1f +\x04\x80\x00\x12\xc4\x9b\xc3\x9c\xe5\xf4R\xf9\xb9\x01\x8d\x91\x0e\xee\xa2`4'}
2026-03-16T16:17:42.407864,49:D8:C4:56:52:BC,-92,Unknown,{76: b'\x10\x074\x1f\x02p85\x18'}
2026-03-16T16:17:42.408072,42:5C:3B:9B:48:4D,-94,Unknown,{76: b'\t\x08\x13v\n\x16!)\x1bX\x16\x08\x00\xca\xa4\xdc\xc2\x08s#'}
2026-03-16T16:17:42.408377,0C:70:A6:9F:F1:B8,-96,Unknown,"{6: b'\x01\x0f ""ZR\xa7\r\xbc\x1b\x8c\xc5,\xef\xa4\x0f\x1c\xdb\xf9\xeb(wz&w\x12b'}"
2026-03-16T16:17:42.434077,D5:50:8F:E3:F8:57,-96,Unknown,{76: b'\x12\x02n\x03\x07\x11\x06J?1@\x0e\x06ouQ\xd3\xe7\xf7r\xf4\xff\xf8'}
2026-03-16T16:17:42.434531,59:A9:2D:BF:32:4E,-74,Unknown,{76: b'\x10\x077\x1f7:V\xbbH'}
2026-03-16T16:17:42.460076,DA:29:45:1C:60:5B,-76,Unknown,{76: b'\x12\x02\x00\x03'}
2026-03-16T16:17:42.460379,46:2D:05:83:95:D6,-82,Unknown,{76: b'\t\x08\x13\xf7\n\x0e\xd21\x1bX\x16\x08\x00\xa5\xf9\t\x91o\x00\xb5'}
2026-03-16T16:17:42.517975,0B:BD:F6:DB:50:07,-64,Unknown,
2026-03-16T16:17:42.518679,57:8F:A8:E8:41:CD,-88,Unknown,{76: b'\x10\x075\x1f\x12\xe6d\xb3x'}
2026-03-16T16:17:42.519428,D5:F5:C4:81:F4:46,-84,Unknown,{76: b'\x12\x02n\x03\x07\x11\x06C\xa3\xb4\x1b\xef\xbahxS\x7fOJ*DF\x04'}
2026-03-16T16:17:42.519702,5A:B9:05:5C:F8:FF,-98,Unknown,{49040: b'\xd9]&2\x00\x00'}
2026-03-16T16:17:42.519989,59:FC:2F:1A:B8:B5,-82,Unknown,{76: b'\x10\x06\x06\x19\x91G7\x08'}
2026-03-16T16:17:42.540721,4D:39:28:C6:A0:AD,-88,Unknown,{76: b'\x16\x08\x00\xd2\xb1\x07\xa8x\xe9K'}
2026-03-16T16:17:42.541756,25:A1:1F:B7:45:41,-90,Unknown,
2026-03-16T16:17:42.542180,49:8D:9F:83:E2:E2,-96,Unknown,{76: b'\x10\x05\x07\x18&\xf0$'}
2026-03-16T16:17:42.569996,35:F7:D3:17:58:0D,-88,Unknown,"{6: b'\x01\x0f ""\xee\xcf3J\x91\x86\x8a\xaa\x84\x040\x91\x16\xf4\x12b\xee\x8afY\xfc!l'}"
2026-03-16T16:17:42.570514,76:32:5B:FC:99:F3,-76,Unknown,{76: b'\x10\x06\x08\x1d\xf5?\x918'}
2026-03-16T16:17:42.570918,7E:00:81:41:FA:B6,-86,LE_WF-C500,
2026-03-16T16:17:42.616864,6D:95:7A:E5:2E:90,-84,Unknown,{76: b'\x10\x06\x0f\x1da\x9b\xaax'}
2026-03-16T16:17:42.617639,42:5C:3B:9B:48:4D,-88,Unknown,{76: b'\t\x08\x13v\n\x16!)\x1bX\x16\x08\x00\xca\xa4\xdc\xc2\x08s#'}
2026-03-16T16:17:42.617890,04:59:95:6D:80:B3,-84,Unknown,
2026-03-16T16:17:42.618066,3D:5D:8F:2A:E3:1C,-72,Unknown,
2026-03-16T16:17:42.618362,32:55:BF:6F:C9:61,-78,Unknown,"{6: b'\x01\t ""7\xa7\x12\x83o9\x08\x03\xc5\x1a\xe0N\xe1\xb6\xe9Z\xa9Z^K\xed\xb7|'}"
2026-03-16T16:17:42.645862,33:30:15:29:7B:E0,-100,Unknown,"{6: b'\x01\t ""\x03H\xc8\x96\xd7\xef.p\xd1\x18\x1b\'\x9c\xbc\x87\x8c\xc4k\xbbmI\xce8'}"
2026-03-16T16:17:42.646357,46:2D:05:83:95:D6,-94,Unknown,{76: b'\t\x08\x13\xf7\n\x0e\xd21\x1bX\x16\x08\x00\xa5\xf9\t\x91o\x00\xb5'}
2026-03-16T16:17:42.646708,6C:29:63:C2:6E:1D,-92,Unknown,{76: b'\x10\x06\x06\x19\x91G7\x08'}
2026-03-16T16:17:42.717615,74:99:59:FC:3B:BF,-98,Unknown,{76: b'\x10\x078\x1f\xc2b\x13s('}
2026-03-16T16:17:42.718026,59:A9:2D:BF:32:4E,-72,Unknown,{76: b'\x10\x077\x1f7:V\xbbH'}
2026-03-16T16:17:42.753634,7B:02:8A:8B:6C:9B,-80,Unknown,{76: b'\x01\x00\x00\x00\x00\x00\x00\x00\x00\x00\x00\x00\x00\x80\x00\x00\x00'}
2026-03-16T16:17:42.754079,7D:8D:0F:65:7D:6E,-70,Unknown,"{76: b'\x10\x07,\x1fG\xefa\x02X'}"
2026-03-16T16:17:42.754255,0B:BD:F6:DB:50:07,-70,Unknown,
2026-03-16T16:17:42.797581,53:F8:AD:FB:72:83,-78,Unknown,{76: b'\x01\x00\x00\x00\x00\x00\x00\x00\x00\x00\x00\x00\x00\x80\x00\x00\x00'}
2026-03-16T16:17:42.848588,64:C9:4C:31:47:39,-88,Unknown,{76: b'\x10\x07=\x1f\x14\t\xb0\x058'}
2026-03-16T16:17:42.849937,7A:78:AB:CE:D9:A9,-84,Unknown,{76: b'\x10\x06\x0e\x1dy\xed\xb1\x18'}
2026-03-16T16:17:42.876738,E0:89:7E:7E:1F:45,-88,Unknown,{76: b'\x10\x05\t\x14\xa8H\xf9'}
2026-03-16T16:17:42.901549,59:FC:2F:1A:B8:B5,-84,Unknown,{76: b'\x10\x06\x06\x19\x91G7\x08'}
2026-03-16T16:17:42.902264,40:B8:70:B5:21:6F,-78,Unknown,{76: b'\x10\x076\x1f\xe3ji\x9bX'}
2026-03-16T16:17:42.965018,4A:04:A6:AC:B4:BF,-74,Unknown,{76: b'\x10\x06\x03\x1d0\xd1s\x18'}
2026-03-16T16:17:42.965938,F3:43:F8:27:76:25,-86,Inspire 3,
2026-03-16T16:17:42.966951,49:D8:C4:56:52:BC,-96,Unknown,{76: b'\x10\x074\x1f\x02p85\x18'}
2026-03-16T16:17:42.967258,F2:BA:06:AA:DA:9B,-94,Unknown,{76: b'\x12\x02\x00\x03'}
2026-03-16T16:17:43.014856,35:F7:D3:17:58:0D,-88,Unknown,"{6: b'\x01\x0f ""\xee\xcf3J\x91\x86\x8a\xaa\x84\x040\x91\x16\xf4\x12b\xee\x8afY\xfc!l'}"
2026-03-16T16:17:43.015898,E8:93:26:2A:BB:2A,-94,Buds3 FE,{117: b'\x00?f?5Z\x00e\t\x17\x00\x03\x07'}
2026-03-16T16:17:43.016116,F6:1B:5D:FD:34:4D,-90,Unknown,{76: b'\x12\x02\x00\x01'}
2026-03-16T16:17:43.046709,CF:8F:84:6B:5A:DD,-90,Unknown,{76: b'\x12\x02\x00\x01'}
2026-03-16T16:17:43.047158,57:8F:A8:E8:41:CD,-78,Unknown,{76: b'\x01\x00\x00\x00\x00\x00\x00\x00\x00\x00\x00\x00\x00\x80\x00\x00\x00'}
2026-03-16T16:17:43.047355,0B:BD:F6:DB:50:07,-68,Unknown,
2026-03-16T16:17:43.047574,0C:70:A6:9F:F1:B8,-90,Unknown,"{6: b'\x01\x0f ""ZR\xa7\r\xbc\x1b\x8c\xc5,\xef\xa4\x0f\x1c\xdb\xf9\xeb(wz&w\x12b'}"
2026-03-16T16:17:43.086624,66:1F:B6:80:98:D8,-80,Unknown,{76: b'\x10\x06\n\x1d\xcf\x1d*\x08'}
2026-03-16T16:17:43.116664,49:8D:9F:83:E2:E2,-96,Unknown,{76: b'\x10\x05\x07\x18&\xf0$'}
2026-03-16T16:17:43.117165,75:74:F6:1B:A3:F0,-70,Unknown,{76: b'\x01\x00\x00\x00\x00\x00\x00\x00\x00\x00\x00\x00\x00\x80\x00\x00\x00'}
2026-03-16T16:17:43.117408,76:32:5B:FC:99:F3,-72,Unknown,{76: b'\x10\x06\x08\x1d\xf5?\x918'}
2026-03-16T16:17:43.163661,70:82:56:0F:80:FE,-94,Unknown,{76: b'\x01\x00\x00\x00\x00\x00\x00\x00\x00\x00\x00\x00\x00\x80\x00\x00\x00'}
2026-03-16T16:17:43.164143,62:D0:1D:87:C2:E0,-96,Unknown,"{76: b'\x10\x06)\x1e\x82\xc1\xad""'}"
2026-03-16T16:17:43.164364,66:CF:26:C9:48:00,-96,Unknown,{117: b'O\x11\xad\x14\xa8\xe6\xe4\x84\x84\xe8\xff\xa2\x02\xd8'}
2026-03-16T16:17:43.198700,3B:07:65:2C:C5:60,-92,Unknown,"{6: b'\x01\t ""\xa1\xd3\xc3\x83\xfay\x01\xc5\xad\xb7n\x1a7\xc8\x8fl\xa1r\xe7\xab\xdf-\xdd'}"
2026-03-16T16:17:43.199420,6E:B3:CA:B1:E4:9B,-86,Unknown,{76: b'\x10\x05\r\x18q+\xd0'}
2026-03-16T16:17:43.199865,4A:04:A6:AC:B4:BF,-70,Unknown,{76: b'\x10\x06\x03\x1d0\xd1s\x18'}
2026-03-16T16:17:43.246770,5E:2A:06:12:53:CD,-94,Unknown,"{117: b""\x02\x18\xaa\x00a\x80\x03\xdd'\xaf\xaby\xf8!\x10\x1e\xe6\xc4\xeb\x90\rX@\xff\x9f\x08\x9as<7Z\x06\x8e\x03I\x1e;\xb9\x01\rX\x80<\xe1\xb2 ""}"
2026-03-16T16:17:43.248073,60:C9:0A:91:94:3E,-80,Unknown,{76: b'\x10\x06\x03\x1d\x95\xee\xcaH'}
2026-03-16T16:17:43.248381,4F:29:00:D5:AE:DB,-94,Unknown,
2026-03-16T16:17:43.276264,7D:FA:74:CF:97:AC,-90,Unknown,{76: b'\x10\x074\x1f\xe6j\xf4Rh'}
2026-03-16T16:17:43.277272,0C:63:C0:93:18:1F,-78,Unknown,
2026-03-16T16:17:43.277503,59:A9:2D:BF:32:4E,-72,Unknown,{76: b'\x10\x077\x1f7:V\xbbH'}
2026-03-16T16:17:43.277673,7E:FF:17:E3:CF:34,-98,Unknown,{117: b'\xc9\x7f\xd8\x1f\xe0\xc3'}
2026-03-16T16:17:43.305235,49:8D:9F:83:E2:E2,-96,Unknown,{76: b'\x10\x05\x07\x18&\xf0$'}
2026-03-16T16:17:43.306312,7B:02:8A:8B:6C:9B,-78,Unknown,{76: b'\x01\x00\x00\x00\x00\x00\x00\x00\x00\x00\x00\x00\x00\x80\x00\x00\x00'}
2026-03-16T16:17:43.307209,35:F7:D3:17:58:0D,-88,Unknown,"{6: b'\x01\x0f ""\xee\xcf3J\x91\x86\x8a\xaa\x84\x040\x91\x16\xf4\x12b\xee\x8afY\xfc!l'}"
2026-03-16T16:17:43.327581,7D:8D:0F:65:7D:6E,-76,Unknown,"{76: b'\x10\x07,\x1fG\xefa\x02X'}"
2026-03-16T16:17:43.328167,42:5C:3B:9B:48:4D,-84,Unknown,{76: b'\t\x08\x13v\n\x16!)\x1bX\x16\x08\x00\xca\xa4\xdc\xc2\x08s#'}
2026-03-16T16:17:43.329348,0B:BD:F6:DB:50:07,-66,Unknown,
2026-03-16T16:17:43.348595,53:F8:AD:FB:72:83,-72,Unknown,{76: b'\x01\x00\x00\x00\x00\x00\x00\x00\x00\x00\x00\x00\x00\x80\x00\x00\x00'}
2026-03-16T16:17:43.375637,56:B9:8B:50:3B:4E,-92,Unknown,{76: b'\x07\x19\x01\x19 \x0b\x9a\x8f\x10\x00\x07\xdd\xf0i\x1b\x7f\xc1y\x1a\xa6U\x917\x85\xdc\x92\x0c'}
2026-03-16T16:17:43.376387,E6:2E:78:10:55:B2,-78,Unknown,{76: b'\x12\x02\x00\x01'}
2026-03-16T16:17:43.400845,18:43:A3:D7:DE:35,-80,Unknown,
2026-03-16T16:17:43.430911,E0:89:7E:7E:1F:45,-86,Unknown,{76: b'\x10\x05\t\x14\xa8H\xf9'}
2026-03-16T16:17:43.431184,7D:FA:74:CF:97:AC,-90,Unknown,{76: b'\x10\x074\x1f\xe6j\xf4Rh'}
2026-03-16T16:17:43.452637,40:B8:70:B5:21:6F,-62,Unknown,{76: b'\x10\x076\x1f\xe3ji\x9bX'}
2026-03-16T16:17:43.485736,3B:07:65:2C:C5:60,-94,Unknown,"{6: b'\x01\t ""\xa1\xd3\xc3\x83\xfay\x01\xc5\xad\xb7n\x1a7\xc8\x8fl\xa1r\xe7\xab\xdf-\xdd'}"
2026-03-16T16:17:43.486186,5A:B9:05:5C:F8:FF,-90,Unknown,{49040: b'\xd9]&2\x00\x00'}
2026-03-16T16:17:43.486695,0F:02:D2:8E:8B:31,-70,Unknown,
2026-03-16T16:17:43.541941,E8:93:26:2A:BB:2A,-96,Buds3 FE,{117: b'\x00?f?5Z\x00e\t\x17\x00\x03\x07'}
2026-03-16T16:17:43.542724,72:79:C2:A8:02:B3,-96,Unknown,{76: b'\x01\x00\x00\x00\x00\x00\x00\x00\x00\x00\x00\x00\x00\x80\x00\x00\x00'}
2026-03-16T16:17:43.542930,F6:D2:EF:7B:89:06,-96,Unknown,{76: b'\x12\x02\x00\x03'}
2026-03-16T16:17:43.591651,56:B9:8B:50:3B:4E,-98,Unknown,{76: b'\x07\x19\x01\x19 \x0b\x9a\x8f\x10\x00\x07\xdd\xf0i\x1b\x7f\xc1y\x1a\xa6U\x917\x85\xdc\x92\x0c'}
2026-03-16T16:17:43.592501,7E:00:81:41:FA:B6,-88,LE_WF-C500,
2026-03-16T16:17:43.592852,6C:29:63:C2:6E:1D,-92,Unknown,{76: b'\x10\x06\x06\x19\x91G7\x08'}
2026-03-16T16:17:43.697935,5E:4A:E0:A3:A8:30,-98,Unknown,"{76: b'\x07\x19\x01\' ""\xfa\x8f\x12\x00\x06%F\xe2\xa9\x8a\x97_\xec\x8b\xde0\x8bX\xcf)\xeb'}"
2026-03-16T16:17:43.698261,59:FC:2F:1A:B8:B5,-92,Unknown,{76: b'\x10\x06\x06\x19\x91G7\x08'}
2026-03-16T16:17:43.698389,6D:95:7A:E5:2E:90,-70,Unknown,{76: b'\x10\x06\x0f\x1da\x9b\xaax'}
2026-03-16T16:17:43.698870,18:43:A3:D7:DE:35,-80,Unknown,
2026-03-16T16:17:43.699054,62:D0:1D:87:C2:E0,-88,Unknown,"{76: b'\x10\x06)\x1e\x82\xc1\xad""'}"
2026-03-16T16:17:43.717617,E0:89:7E:7E:1F:45,-92,Unknown,{76: b'\x10\x05\t\x14\xa8H\xf9'}
2026-03-16T16:17:43.718062,35:F7:D3:17:58:0D,-92,Unknown,"{6: b'\x01\x0f ""\xee\xcf3J\x91\x86\x8a\xaa\x84\x040\x91\x16\xf4\x12b\xee\x8afY\xfc!l'}"
2026-03-16T16:17:43.747620,04:59:95:6D:80:B3,-70,Unknown,
2026-03-16T16:17:43.748050,56:B9:8B:50:3B:4E,-92,Unknown,{76: b'\x07\x19\x01\x19 \x0b\x9a\x8f\x10\x00\x07\xdd\xf0i\x1b\x7f\xc1y\x1a\xa6U\x917\x85\xdc\x92\x0c'}
2026-03-16T16:17:43.749282,6D:1D:DF:AD:9A:CF,-74,Unknown,{76: b'\x10\x07w\x1fEx\x19M\xc8'}
2026-03-16T16:17:43.766725,46:2D:05:83:95:D6,-84,Unknown,{76: b'\t\x08\x13\xf7\n\x0e\xd21\x1bX\x16\x08\x00\xa5\xf9\t\x91o\x00\xb5'}
2026-03-16T16:17:43.827955,59:A9:2D:BF:32:4E,-76,Unknown,{76: b'\x10\x077\x1f7:V\xbbH'}
2026-03-16T16:17:43.828213,5A:B9:05:5C:F8:FF,-98,Unknown,{49040: b'\xd9]&2\x00\x00'}
2026-03-16T16:17:43.856143,5E:4A:E0:A3:A8:30,-86,Unknown,"{76: b'\x07\x19\x01\' ""\xfa\x8f\x12\x00\x06%F\xe2\xa9\x8a\x97_\xec\x8b\xde0\x8bX\xcf)\xeb'}"
2026-03-16T16:17:43.858096,7B:02:8A:8B:6C:9B,-76,Unknown,{76: b'\x01\x00\x00\x00\x00\x00\x00\x00\x00\x00\x00\x00\x00\x80\x00\x00\x00'}
2026-03-16T16:17:43.858255,57:8F:A8:E8:41:CD,-82,Unknown,{76: b'\x01\x00\x00\x00\x00\x00\x00\x00\x00\x00\x00\x00\x00\x80\x00\x00\x00'}
2026-03-16T16:17:43.904224,7D:8D:0F:65:7D:6E,-72,Unknown,"{76: b'\x10\x07,\x1fG\xefa\x02X'}"
2026-03-16T16:17:43.904806,40:34:33:E3:5B:0D,-88,Unknown,{76: b'\x10\x075\x1b\x86\xc2\x1frx'}
2026-03-16T16:17:43.905064,53:F8:AD:FB:72:83,-70,Unknown,{76: b'\x01\x00\x00\x00\x00\x00\x00\x00\x00\x00\x00\x00\x00\x80\x00\x00\x00'}
2026-03-16T16:17:43.926429,75:74:F6:1B:A3:F0,-70,Unknown,{76: b'\x01\x00\x00\x00\x00\x00\x00\x00\x00\x00\x00\x00\x00\x80\x00\x00\x00'}
2026-03-16T16:17:43.956889,E8:93:26:2A:BB:2A,-92,Buds3 FE,{117: b'\x00?f?5Z\x00e\t\x17\x00\x03\x07'}
2026-03-16T16:17:44.009036,7A:78:AB:CE:D9:A9,-96,Unknown,{76: b'\x10\x06\x0e\x1dy\xed\xb1\x18'}
2026-03-16T16:17:44.009739,40:B8:70:B5:21:6F,-68,Unknown,{76: b'\x10\x076\x1f\xe3ji\x9bX'}
2026-03-16T16:17:44.009925,EA:8F:A5:C7:14:A6,-72,Unknown,{76: b'\x12\x02\x00\x00'}
2026-03-16T16:17:44.029633,5E:4A:E0:A3:A8:30,-86,Unknown,"{76: b'\x07\x19\x01\' ""\xfa\x8f\x12\x00\x06%F\xe2\xa9\x8a\x97_\xec\x8b\xde0\x8bX\xcf)\xeb'}"
2026-03-16T16:17:44.030816,59:FC:2F:1A:B8:B5,-82,Unknown,{76: b'\x10\x06\x06\x19\x91G7\x08'}
2026-03-16T16:17:44.082637,59:A9:2D:BF:32:4E,-74,Unknown,{76: b'\x10\x077\x1f7:V\xbbH'}
2026-03-16T16:17:44.106654,F7:74:60:4A:14:96,-92,Unknown,{76: b'\x12\x02\x00\x01'}
2026-03-16T16:17:44.169727,35:F7:D3:17:58:0D,-90,Unknown,"{6: b'\x01\x0f ""\xee\xcf3J\x91\x86\x8a\xaa\x84\x040\x91\x16\xf4\x12b\xee\x8afY\xfc!l'}"
2026-03-16T16:17:44.171147,52:17:0E:A4:A6:91,-96,Unknown,{117: b'B\r\x17\x00\x00\x00\x00\x00\x00\x00\x00\x00\x00\x00\x00\x00\x00\x00\x00\x00\x00\x00\x00\x00\x00\x00\x00'}
2026-03-16T16:17:44.172397,66:1F:B6:80:98:D8,-86,Unknown,{76: b'\x10\x06\n\x1d\xcf\x1d*\x08'}
2026-03-16T16:17:44.195763,5A:B9:05:5C:F8:FF,-94,Unknown,{49040: b'\xd9]&2\x00\x00'}
2026-03-16T16:17:44.196888,0B:BD:F6:DB:50:07,-72,Unknown,
2026-03-16T16:17:44.197873,32:55:BF:6F:C9:61,-88,Unknown,"{6: b'\x01\t ""7\xa7\x12\x83o9\x08\x03\xc5\x1a\xe0N\xe1\xb6\xe9Z\xa9Z^K\xed\xb7|'}"
2026-03-16T16:17:44.198139,69:1F:A2:39:0A:62,-96,Unknown,{76: b'\x10\x06?\x1d\xaa\\LH'}
2026-03-16T16:17:44.244884,6D:95:7A:E5:2E:90,-72,Unknown,{76: b'\x10\x06\x0f\x1da\x9b\xaax'}
2026-03-16T16:17:44.245601,76:32:5B:FC:99:F3,-76,Unknown,{76: b'\x10\x06\x08\x1d\xf5?\x918'}
2026-03-16T16:17:44.245872,5C:CC:C2:5C:52:0B,-98,Unknown,{76: b'\x10\x05&\x98\x8bdx'}
2026-03-16T16:17:44.266769,7D:8D:0F:65:7D:6E,-74,Unknown,"{76: b'\x10\x07,\x1fG\xefa\x02\x08'}"
2026-03-16T16:17:44.354850,63:22:CE:0C:80:B5,-96,Unknown,"{76: b'\x10\x05\x06\x98""\xbf\xe9'}"
2026-03-16T16:17:44.355490,3D:5D:8F:2A:E3:1C,-78,Unknown,
2026-03-16T16:17:44.356029,F9:B5:8F:C0:C3:E7,-98,Unknown,{76: b'\x12\x02\x00\x01'}
2026-03-16T16:17:44.356587,1D:2E:DB:89:E0:AC,-94,Unknown,
2026-03-16T16:17:44.377844,7E:00:81:41:FA:B6,-80,LE_WF-C500,
2026-03-16T16:17:44.379481,7D:FA:74:CF:97:AC,-92,Unknown,{76: b'\x10\x074\x1f\xe6j\xf4Rh'}
2026-03-16T16:17:44.403739,66:CF:26:C9:48:00,-92,Unknown,"{117: b'\x02\x18a\xb1\xc7G\xc7L\xc2\x13,p\x1a\xa4\xb8\x0f~G;\x0eS\xbfM)'}"
2026-03-16T16:17:44.404965,59:FC:2F:1A:B8:B5,-84,Unknown,{76: b'\x10\x06\x06\x19\x91G7\x08'}
2026-03-16T16:17:44.405227,49:8D:9F:83:E2:E2,-96,Unknown,{76: b'\x10\x05\x07\x18&\xf0$'}
2026-03-16T16:17:44.405629,EA:8F:A5:C7:14:A6,-70,Unknown,{76: b'\x12\x02\x00\x00'}
2026-03-16T16:17:44.423969,2D:D7:76:63:C3:4A,-86,Unknown,"{6: b'\x01\x0f ""\xc4j \xe1;\x82b\xac\xca[\x03/\x81\x95\xb8\xef\x90\xa9\xe3[WW\xe0'}"
2026-03-16T16:17:44.459158,4F:29:00:D5:AE:DB,-96,Unknown,
2026-03-16T16:17:44.460764,40:34:33:E3:5B:0D,-90,Unknown,{76: b'\x10\x075\x1b\x86\xc2\x1frx'}
2026-03-16T16:17:44.461119,DA:29:45:1C:60:5B,-72,Unknown,{76: b'\x12\x02\x00\x03'}
2026-03-16T16:17:44.461299,0B:BD:F6:DB:50:07,-64,Unknown,
2026-03-16T16:17:44.514154,E9:0A:EB:9B:69:96,-78,Unknown,{76: b'\x12\x02\x00\x01'}
2026-03-16T16:17:44.514806,75:74:F6:1B:A3:F0,-72,Unknown,{76: b'\x01\x00\x00\x00\x00\x00\x00\x00\x00\x00\x00\x00\x00\x80\x00\x00\x00'}
2026-03-16T16:17:44.514982,0F:02:D2:8E:8B:31,-66,Unknown,
2026-03-16T16:17:44.515116,E0:89:7E:7E:1F:45,-88,Unknown,{76: b'\x10\x05\t\x14\xa8H\xf9'}
2026-03-16T16:17:44.562252,6E:B3:CA:B1:E4:9B,-92,Unknown,{76: b'\x10\x05\r\x18q+\xd0'}
2026-03-16T16:17:44.562559,66:CF:26:C9:48:00,-94,Unknown,"{117: b'\x02\x18a\xb1\xc7G\xc7L\xc2\x13,p\x1a\xa4\xb8\x0f~G;\x0eS\xbfM)'}"
2026-03-16T16:17:44.562788,40:B8:70:B5:21:6F,-76,Unknown,{76: b'\x10\x076\x1f\xe3ji\x9bX'}
2026-03-16T16:17:44.589887,6D:1D:DF:AD:9A:CF,-88,Unknown,{76: b'\x10\x07w\x1fEx\x19M\xc8'}
2026-03-16T16:17:44.590977,4A:04:A6:AC:B4:BF,-76,Unknown,{76: b'\x10\x06\x03\x1d0\xd1s\x18'}
2026-03-16T16:17:44.592421,59:FC:2F:1A:B8:B5,-96,Unknown,{76: b'\x10\x06\x06\x19\x91G7\x08'}
2026-03-16T16:17:44.643962,3D:5D:8F:2A:E3:1C,-70,Unknown,
2026-03-16T16:17:44.644574,59:A9:2D:BF:32:4E,-76,Unknown,{76: b'\x10\x077\x1f7:V\xbbH'}
2026-03-16T16:17:44.644764,7E:FF:17:E3:CF:34,-94,Unknown,{117: b'\xc9\x7f\xd8\x1f\xe0\xc3'}
2026-03-16T16:17:44.693070,E8:93:26:2A:BB:2A,-92,Buds3 FE,{117: b'\x00?f?5Z\x00e\t\x17\x00\x03\x07'}
2026-03-16T16:17:44.693334,7D:8D:0F:65:7D:6E,-78,Unknown,"{76: b'\x10\x07,\x1fG\xefa\x02X'}"
2026-03-16T16:17:44.713698,66:CF:26:C9:48:00,-96,Unknown,{117: b'O\x11\xad\x14\xa8\xe6\xe4\x84\x84\xe8\xff\xa2\x02\xd8'}
2026-03-16T16:17:44.744875,6C:29:63:C2:6E:1D,-98,Unknown,{76: b'\x10\x06\x06\x19\x91G7\x08'}
2026-03-16T16:17:44.745291,7D:68:0F:05:63:8F,-96,Unknown,{76: b'\x10\x05\x04\x1c#\xd5L'}
2026-03-16T16:17:44.745532,DE:43:95:71:B4:09,-66,Unknown,{76: b'\x07\x11\x06`\x80xO\xdd\x87\x82\xc5\xfa\x07\xc3\xe66\x05-\x1a'}
2026-03-16T16:17:44.796827,75:74:F6:1B:A3:F0,-70,Unknown,{76: b'\x10\x07 \x1f)\xa6h\xcf8'}
2026-03-16T16:17:44.797244,49:8D:9F:83:E2:E2,-92,Unknown,{76: b'\x10\x05\x07\x18&\xf0$'}
2026-03-16T16:17:44.797413,6D:95:7A:E5:2E:90,-70,Unknown,{76: b'\x10\x06\x0f\x1da\x9b\xaax'}
2026-03-16T16:17:44.797636,47:CD:A2:34:96:64,-92,Unknown,{117: b'\xdc\x0c`\xf0\xd1)\xe5\x1f\xf1\n\x0e\x14c\xd5\x93\xb3\xcf3V'}
2026-03-16T16:17:44.820014,62:D0:1D:87:C2:E0,-92,Unknown,"{76: b'\x10\x06)\x1e\x82\xc1\xad""'}"
2026-03-16T16:17:44.873798,4E:37:4D:F9:CC:C5,-96,Unknown,{76: b'\x07\x19\x01\x1f +\x04\x80\x00\x12\xc4\x9b\xc3\x9c\xe5\xf4R\xf9\xb9\x01\x8d\x91\x0e\xee\xa2`4'}
2026-03-16T16:17:44.874859,63:22:CE:0C:80:B5,-92,Unknown,"{76: b'\x10\x05\x06\x98""\xbf\xe9'}"
2026-03-16T16:17:44.875317,60:C9:0A:91:94:3E,-78,Unknown,{76: b'\x10\x06\x03\x1d\x95\xee\xcaH'}
2026-03-16T16:17:44.903032,3D:5D:8F:2A:E3:1C,-78,Unknown,
2026-03-16T16:17:44.903447,46:2D:05:83:95:D6,-92,Unknown,{76: b'\t\x08\x13\xf7\n\x0e\xd21\x1bX\x16\x08\x00\xa5\xf9\t\x91o\x00\xb5'}
2026-03-16T16:17:44.921751,72:79:C2:A8:02:B3,-96,Unknown,{76: b'\x10\x07;\x1f\x8d\xf2<D\x18'}
2026-03-16T16:17:44.952275,E8:93:26:2A:BB:2A,-96,Buds3 FE,{117: b'B\t\x81\x02\x14\x15\x03!\x01I\xf7\x0c\x01\\\x06\xbc\xa4\xca\x00\x00\x00\x00\xd3\x00'}
2026-03-16T16:17:44.952770,7B:02:8A:8B:6C:9B,-76,Unknown,{76: b'\x01\x00\x00\x00\x00\x00\x00\x00\x00\x00\x00\x00\x00\x80\x00\x00\x00'}
2026-03-16T16:17:44.952956,F2:BA:06:AA:DA:9B,-96,Unknown,{76: b'\x12\x02\x00\x03'}
2026-03-16T16:17:45.006682,59:FC:2F:1A:B8:B5,-94,Unknown,{76: b'\x10\x06\x06\x19\x91G7\x08'}
2026-03-16T16:17:45.006957,F6:1B:5D:FD:34:4D,-92,Unknown,{76: b'\x12\x02\x00\x01'}
2026-03-16T16:17:45.007190,66:1F:B6:80:98:D8,-78,Unknown,{76: b'\x10\x06\n\x1d\xcf\x1d*\x08'}
2026-03-16T16:17:45.007311,5A:B9:05:5C:F8:FF,-92,Unknown,{49040: b'\xd9]&2\x00\x00'}
2026-03-16T16:17:45.007389,40:34:33:E3:5B:0D,-94,Unknown,{76: b'\x10\x075\x1b\x86\xc2\x1frx'}
2026-03-16T16:17:45.038336,53:F8:AD:FB:72:83,-74,Unknown,{76: b'\x01\x00\x00\x00\x00\x00\x00\x00\x00\x00\x00\x00\x00\x80\x00\x00\x00'}
2026-03-16T16:17:45.038659,69:1F:A2:39:0A:62,-94,Unknown,{76: b'\x10\x06?\x1d\xaa\\LH'}
2026-03-16T16:17:45.038915,0B:BD:F6:DB:50:07,-68,Unknown,
2026-03-16T16:17:45.062974,E0:89:7E:7E:1F:45,-86,Unknown,{76: b'\x10\x05\t\x14\xa8H\xf9'}
2026-03-16T16:17:45.064269,7A:78:AB:CE:D9:A9,-76,Unknown,{76: b'\x10\x06\x0e\x1dy\xed\xb1\x18'}
2026-03-16T16:17:45.064578,4F:29:00:D5:AE:DB,-96,Unknown,{18328: b'D\xae\xba\x0f\x00\x00'}
2026-03-16T16:17:45.088522,D4:84:AC:60:FC:9B,-76,Unknown,{76: b'\x12\x02\x00\x02'}
2026-03-16T16:17:45.088823,F7:3F:86:C2:8D:66,-90,Unknown,{76: b'\x12\x02\x00\x01'}
2026-03-16T16:17:45.090551,66:68:87:27:63:E2,-92,Unknown,{76: b'\x10\x05\n\x98\xc0\xbcI'}
2026-03-16T16:17:45.091178,5E:2A:06:12:53:CD,-98,Unknown,"{117: b""\x02\x18\xaa\x00a\x80\x03\xdd'\xaf\xaby\xf8!\x10\x1e\xe6\xc4\xeb\x90\rX@\xff\x9f\x08\x9as<7Z\x06\x8e\x03I\x1e;\xb9\x01\rX\x80<\xe1\xb2 ""}"
2026-03-16T16:17:45.115793,46:2D:05:83:95:D6,-86,Unknown,{76: b'\t\x08\x13\xf7\n\x0e\xd21\x1bX\x16\x08\x00\xa5\xf9\t\x91o\x00\xb5'}
2026-03-16T16:17:45.116436,04:59:95:6D:80:B3,-80,Unknown,
2026-03-16T16:17:45.116791,40:B8:70:B5:21:6F,-90,Unknown,{76: b'\x10\x076\x1f\xe3ji\x9bX'}
2026-03-16T16:17:45.117125,7E:00:81:41:FA:B6,-80,LE_WF-C500,
2026-03-16T16:17:45.166806,7D:FA:74:CF:97:AC,-98,Unknown,{76: b'\x10\x074\x1f\xe6j\xf4Rh'}
2026-03-16T16:17:45.167236,49:D8:C4:56:52:BC,-96,Unknown,{76: b'\x10\x074\x1f\x02p85\x18'}
2026-03-16T16:17:45.169331,7E:80:54:3D:71:14,-94,Unknown,{76: b'\x10\x067\x1a-\x1b\xeb?'}
2026-03-16T16:17:45.197064,63:22:CE:0C:80:B5,-94,Unknown,"{76: b'\x10\x05\x06\x98""\xbf\xe9'}"
2026-03-16T16:17:45.197344,5A:B9:05:5C:F8:FF,-96,Unknown,{49040: b'\xd9]&2\x00\x00'}
2026-03-16T16:17:45.197450,3B:07:65:2C:C5:60,-96,Unknown,"{6: b'\x01\t ""\xa1\xd3\xc3\x83\xfay\x01\xc5\xad\xb7n\x1a7\xc8\x8fl\xa1r\xe7\xab\xdf-\xdd'}"
2026-03-16T16:17:45.197599,3D:5D:8F:2A:E3:1C,-78,Unknown,
2026-03-16T16:17:45.215000,7E:FF:17:E3:CF:34,-94,Unknown,"{117: b'\x02\x18a\xb1\xda\xaf=\xee\xe4.\xc72\x15\x0e\x96\x17\xf2\xac\xcc\xcb\xae!""t'}"
2026-03-16T16:17:45.216290,7D:8D:0F:65:7D:6E,-78,Unknown,"{76: b'\x10\x07,\x1fG\xefa\x02X'}"
2026-03-16T16:17:45.274993,57:8F:A8:E8:41:CD,-88,Unknown,{76: b'\x10\x075\x1f\x12\xe6d\xb3x'}
2026-03-16T16:17:45.275342,5D:ED:0F:F9:BC:2F,-92,Unknown,{117: b'\x02\x18\xaa\x00b\xc0\t\x8d\x07/\x83y\xf8!\x10#xE\xb9]&\xee\x1c\xe8\x0b7v\x98\xe0\xc6\x84\x87\x84\x85/\x82\x95\xa4hM\xec\xe9\x96\xf1\xa2\x01\xce\x07\x12\x1d\xff'}
2026-03-16T16:17:45.276708,66:1F:B6:80:98:D8,-84,Unknown,{76: b'\x10\x06\n\x1d\xcf\x1d*\x08'}
2026-03-16T16:17:45.278552,6C:29:63:C2:6E:1D,-90,Unknown,{76: b'\x10\x06\x06\x19\x91G7\x08'}
2026-03-16T16:17:45.278810,46:2D:05:83:95:D6,-90,Unknown,{76: b'\t\x08\x13\xf7\n\x0e\xd21\x1bX\x16\x08\x00\xa5\xf9\t\x91o\x00\xb5'}
2026-03-16T16:17:45.324996,75:74:F6:1B:A3:F0,-74,Unknown,{76: b'\x10\x07 \x1f)\xa6h\xcf8'}
2026-03-16T16:17:45.325450,04:59:95:6D:80:B3,-80,Unknown,
2026-03-16T16:17:45.325666,0B:BD:F6:DB:50:07,-68,Unknown,
2026-03-16T16:17:45.326234,7D:FA:74:CF:97:AC,-90,Unknown,{76: b'\x10\x074\x1f\xe6j\xf4Rh'}
2026-03-16T16:17:45.326672,0C:63:C0:93:18:1F,-84,Unknown,
2026-03-16T16:17:45.349815,76:32:5B:FC:99:F3,-78,Unknown,{76: b'\x10\x06\x08\x1d\xf5?\x918'}
2026-03-16T16:17:45.350436,E0:89:7E:7E:1F:45,-86,Unknown,{76: b'\x10\x05\t\x14\xa8H\xf9'}
2026-03-16T16:17:45.350958,0C:70:A6:9F:F1:B8,-90,Unknown,"{6: b'\x01\x0f ""ZR\xa7\r\xbc\x1b\x8c\xc5,\xef\xa4\x0f\x1c\xdb\xf9\xeb(wz&w\x12b'}"
2026-03-16T16:17:45.351396,62:D0:1D:87:C2:E0,-96,Unknown,"{76: b'\x10\x06)\x1e\x82\xc1\xad""'}"
2026-03-16T16:17:45.403082,C3:5D:CC:75:A5:7B,-96,Unknown,{76: b'\x12\x02.\x01\x07\x11\x06\x0e>3$X3\xc7\xe2\x864iz\xd1|x\xff'}
2026-03-16T16:17:45.403354,47:CD:A2:34:96:64,-94,Unknown,{117: b'\xdc\x0c`\xf0\xd1)\xe5\x1f\xf1\n\x0e\x14c\xd5\x93\xb3\xcf3V'}
2026-03-16T16:17:45.456786,52:17:0E:A4:A6:91,-98,Unknown,{117: b'B\r\x01\x01\x01\x04\x01\x00\x00\x00\x00\x00\x00\x03\x00\x00\x00\x00\x00\x00\x00\x00\x00\x00'}
2026-03-16T16:17:45.457334,32:55:BF:6F:C9:61,-90,Unknown,"{6: b'\x01\t ""7\xa7\x12\x83o9\x08\x03\xc5\x1a\xe0N\xe1\xb6\xe9Z\xa9Z^K\xed\xb7|'}"
2026-03-16T16:17:45.457877,6C:29:63:C2:6E:1D,-88,Unknown,{76: b'\x10\x06\x06\x19\x91G7\x08'}
2026-03-16T16:17:45.458645,59:A9:2D:BF:32:4E,-76,Unknown,{76: b'\x10\x077\x1f7:V\xbbH'}
2026-03-16T16:17:45.509769,3D:5D:8F:2A:E3:1C,-78,Unknown,
2026-03-16T16:17:45.510295,7B:02:8A:8B:6C:9B,-76,Unknown,{76: b'\x01\x00\x00\x00\x00\x00\x00\x00\x00\x00\x00\x00\x00\x80\x00\x00\x00'}
2026-03-16T16:17:45.510941,52:17:0E:A4:A6:91,-98,Unknown,{117: b'B\r\x01\x01\x01\x04\x01\x00\x00\x00\x00\x00\x00\x03\x00\x00\x00\x00\x00\x00\x00\x00\x00\x00'}
2026-03-16T16:17:45.527205,49:8D:9F:83:E2:E2,-92,Unknown,{76: b'\x10\x05\x07\x18&\xf0$'}
2026-03-16T16:17:45.528068,0F:02:D2:8E:8B:31,-68,Unknown,
2026-03-16T16:17:45.558763,5E:2A:06:12:53:CD,-94,Unknown,"{117: b""\x02\x18\xaa\x00a\x80\x03\xdd'\xaf\xaby\xf8!\x10\x1e\xe6\xc4\xeb\x90\rX@\xff\x9f\x08\x9as<7Z\x06\x8e\x03I\x1e;\xb9\x01\rX\x80<\xe1\xb2 ""}"
2026-03-16T16:17:45.559234,5D:ED:0F:F9:BC:2F,-92,Unknown,{117: b'\x02\x18\xaa\x00b\xc0\t\x8d\x07/\x83y\xf8!\x10#xE\xb9]&\xee\x1c\xe8\x0b7v\x98\xe0\xc6\x84\x87\x84\x85/\x82\x95\xa4hM\xec\xe9\x96\xf1\xa2\x01\xce\x07\x12\x1d\xff'}
2026-03-16T16:17:45.611810,64:C9:4C:31:47:39,-74,Unknown,{76: b'\x10\x07=\x1f\x14\t\xb0\x058'}
2026-03-16T16:17:45.612296,3B:07:65:2C:C5:60,-94,Unknown,"{6: b'\x01\t ""\xa1\xd3\xc3\x83\xfay\x01\xc5\xad\xb7n\x1a7\xc8\x8fl\xa1r\xe7\xab\xdf-\xdd'}"
2026-03-16T16:17:45.612684,6D:95:7A:E5:2E:90,-76,Unknown,{76: b'\x10\x06\x0f\x1da\x9b\xaax'}
2026-03-16T16:17:45.637863,7A:78:AB:CE:D9:A9,-82,Unknown,{76: b'\x10\x06\x0e\x1dy\xed\xb1\x18'}
2026-03-16T16:17:45.638321,66:68:87:27:63:E2,-98,Unknown,{76: b'\x10\x05\n\x98\xc0\xbcI'}
2026-03-16T16:17:45.638695,6E:B3:CA:B1:E4:9B,-92,Unknown,{76: b'\x10\x05\r\x18q+\xd0'}
2026-03-16T16:17:45.639354,25:A1:1F:B7:45:41,-90,Unknown,
2026-03-16T16:17:45.692881,40:B8:70:B5:21:6F,-78,Unknown,{76: b'\x10\x076\x1f\xe3ji\x9bX'}
2026-03-16T16:17:45.693205,5E:4A:E0:A3:A8:30,-88,Unknown,"{76: b'\x07\x19\x01\' ""\xfa\x8f\x12\x00\x06%F\xe2\xa9\x8a\x97_\xec\x8b\xde0\x8bX\xcf)\xeb'}"
2026-03-16T16:17:45.693386,6D:1D:DF:AD:9A:CF,-76,Unknown,{76: b'\x10\x07w\x1fEx\x19M\xc8'}
2026-03-16T16:17:45.717776,60:C9:0A:91:94:3E,-78,Unknown,{76: b'\x10\x06\x03\x1d\x95\xee\xcaH'}
2026-03-16T16:17:45.718817,59:FC:2F:1A:B8:B5,-90,Unknown,{76: b'\x10\x06\x06\x19\x91G7\x08'}
2026-03-16T16:17:45.719035,7E:80:54:3D:71:14,-94,Unknown,{76: b'\x10\x067\x1a-\x1b\xeb?'}
2026-03-16T16:17:45.772836,7E:FF:17:E3:CF:34,-96,Unknown,{117: b'\xc9\x7f\xd8\x1f\xe0\xc3'}
2026-03-16T16:17:45.773810,3D:5D:8F:2A:E3:1C,-70,Unknown,
2026-03-16T16:17:45.773963,57:8F:A8:E8:41:CD,-92,Unknown,{76: b'\x01\x00\x00\x00\x00\x00\x00\x00\x00\x00\x00\x00\x00\x80\x00\x00\x00'}
2026-03-16T16:17:45.792177,E8:93:26:2A:BB:2A,-96,Buds3 FE,{117: b'B\t\x81\x02\x14\x15\x03!\x01I\xf7\x0c\x01\\\x06\xbc\xa4\xca\x00\x00\x00\x00\xd3\x00'}
2026-03-16T16:17:45.792579,24:D8:29:A3:A4:CE,-78,Unknown,"{6: b'\x01\t ""\x15$i\x1e%\xf0\x9bm\x9c\xa6\x06\xce\x0c\xa7C\xdcE\x0c\xf2\xed\xe8\xe3\xfd'}"
2026-03-16T16:17:45.819319,66:1F:B6:80:98:D8,-80,Unknown,{76: b'\x10\x06\n\x1d\xcf\x1d*\x08'}
2026-03-16T16:17:45.819720,53:F8:AD:FB:72:83,-68,Unknown,{76: b'\x01\x00\x00\x00\x00\x00\x00\x00\x00\x00\x00\x00\x00\x80\x00\x00\x00'}
2026-03-16T16:17:45.872409,75:74:F6:1B:A3:F0,-72,Unknown,{76: b'\x01\x00\x00\x00\x00\x00\x00\x00\x00\x00\x00\x00\x00\x80\x00\x00\x00'}
2026-03-16T16:17:45.872674,04:59:95:6D:80:B3,-76,Unknown,
2026-03-16T16:17:45.873756,D6:9D:9C:EA:82:BE,-82,Unknown,{76: b'\x12\x02\x00\x03'}
2026-03-16T16:17:45.873970,32:55:BF:6F:C9:61,-88,Unknown,"{6: b'\x01\t ""7\xa7\x12\x83o9\x08\x03\xc5\x1a\xe0N\xe1\xb6\xe9Z\xa9Z^K\xed\xb7|'}"
2026-03-16T16:17:45.874092,E0:F1:64:C6:DF:F9,-88,Unknown,{76: b'\x12\x02\x00\x00'}
2026-03-16T16:17:45.902105,5E:4A:E0:A3:A8:30,-80,Unknown,"{76: b'\x07\x19\x01\' ""\xfa\x8f\x12\x00\x06%F\xe2\xa9\x8a\x97_\xec\x8b\xde0\x8bX\xcf)\xeb'}"
2026-03-16T16:17:45.905060,2D:D7:76:63:C3:4A,-90,Unknown,"{6: b'\x01\x0f ""\xc4j \xe1;\x82b\xac\xca[\x03/\x81\x95\xb8\xef\x90\xa9\xe3[WW\xe0'}"
2026-03-16T16:17:45.905352,5D:ED:0F:F9:BC:2F,-96,Unknown,{117: b'\x02\x18\xaa\x00b\xc0\t\x8d\x07/\x83y\xf8!\x10#xE\xb9]&\xee\x1c\xe8\x0b7v\x98\xe0\xc6\x84\x87\x84\x85/\x82\x95\xa4hM\xec\xe9\x96\xf1\xa2\x01\xce\x07\x12\x1d\xff'}
2026-03-16T16:17:45.922054,59:FC:2F:1A:B8:B5,-92,Unknown,{76: b'\x10\x06\x06\x19\x91G7\x08'}
2026-03-16T16:17:45.922948,D3:13:DD:57:66:75,-92,Unknown,{76: b'\x12\x02\x00\x01'}
2026-03-16T16:17:45.923479,62:D0:1D:87:C2:E0,-98,Unknown,"{76: b'\x10\x06)\x1e\x82\xc1\xad""'}"
2026-03-16T16:17:45.946591,4A:04:A6:AC:B4:BF,-70,Unknown,{76: b'\x10\x06\x03\x1d0\xd1s\x18'}
2026-03-16T16:17:46.002896,D1:54:AF:D7:E5:2A,-78,Unknown,{76: b'\x07\x11\x06c*z\xa5U\x81\x8e\x9d\xa7\xa7B\xd3%l4x'}
2026-03-16T16:17:46.003855,59:A9:2D:BF:32:4E,-76,Unknown,{76: b'\x10\x077\x1f7:V\xbbH'}
2026-03-16T16:17:46.004540,72:79:C2:A8:02:B3,-98,Unknown,{76: b'\x10\x07;\x1f\x8d\xf2<D\x18'}
2026-03-16T16:17:46.056823,5A:B9:05:5C:F8:FF,-96,Unknown,{49040: b'\xd9]&2\x00\x00'}
2026-03-16T16:17:46.057905,57:8F:A8:E8:41:CD,-90,Unknown,{76: b'\x10\x075\x1f\x12\xe6d\xb3x'}
2026-03-16T16:17:46.058090,7D:8D:0F:65:7D:6E,-74,Unknown,"{76: b'\x10\x07,\x1fG\xefa\x02X'}"
2026-03-16T16:17:46.058190,04:59:95:6D:80:B3,-80,Unknown,
2026-03-16T16:17:46.082808,7D:FA:74:CF:97:AC,-94,Unknown,{76: b'\x10\x074\x1f\xe6j\xf4Rh'}
2026-03-16T16:17:46.083846,59:FC:2F:1A:B8:B5,-90,Unknown,{76: b'\x10\x06\x06\x19\x91G7\x08'}
2026-03-16T16:17:46.084037,0C:70:A6:9F:F1:B8,-90,Unknown,"{6: b'\x01\x0f ""ZR\xa7\r\xbc\x1b\x8c\xc5,\xef\xa4\x0f\x1c\xdb\xf9\xeb(wz&w\x12b'}"
2026-03-16T16:17:46.133268,66:CF:26:C9:48:00,-96,Unknown,"{117: b'\x02\x18a\xb1\xc7G\xc7L\xc2\x13,p\x1a\xa4\xb8\x0f~G;\x0eS\xbfM)'}"
2026-03-16T16:17:46.133539,40:34:33:E3:5B:0D,-100,Unknown,{76: b'\x10\x075\x1b\x86\xc2\x1frx'}
2026-03-16T16:17:46.133633,E8:93:26:2A:BB:2A,-94,Buds3 FE,{117: b'B\t\x81\x02\x14\x15\x03!\x01I\xf7\x0c\x01\\\x06\xbc\xa4\xca\x00\x00\x00\x00\xd3\x00'}
2026-03-16T16:17:46.162933,E0:89:7E:7E:1F:45,-88,Unknown,{76: b'\x10\x05\t\x14\xa8H\xf9'}
2026-03-16T16:17:46.164156,7A:78:AB:CE:D9:A9,-82,Unknown,{76: b'\x10\x06\x0e\x1dy\xed\xb1\x18'}
2026-03-16T16:17:46.164345,E1:82:B5:65:BA:26,-84,Unknown,{76: b'\x12\x02%\x02'}
2026-03-16T16:17:46.164427,6D:95:7A:E5:2E:90,-76,Unknown,{76: b'\x10\x06\x0f\x1da\x9b\xaax'}
2026-03-16T16:17:46.211271,5A:B9:05:5C:F8:FF,-96,Unknown,{49040: b'\xd9]&2\x00\x00'}
2026-03-16T16:17:46.211535,6E:B3:CA:B1:E4:9B,-88,Unknown,{76: b'\x10\x05\r\x18q+\xd0'}
2026-03-16T16:17:46.212354,47:CD:A2:34:96:64,-98,Unknown,{117: b'\x02\x18b\xb1\xc7G\x83\xec\xcak\x10\x00L\x00\xff2\x1eD\xe9W\xb3_\x15\xd5'}
2026-03-16T16:17:46.212572,5D:ED:0F:F9:BC:2F,-94,Unknown,{117: b'\x02\x18\xaa\x00b\xc0\t\x8d\x07/\x83y\xf8!\x10#xE\xb9]&\xee\x1c\xe8\x0b7v\x98\xe0\xc6\x84\x87\x84\x85/\x82\x95\xa4hM\xec\xe9\x96\xf1\xa2\x01\xce\x07\x12\x1d\xff'}
2026-03-16T16:17:46.237772,40:B8:70:B5:21:6F,-80,Unknown,{76: b'\x10\x076\x1f\xe3ji\x9bX'}
2026-03-16T16:17:46.238515,6D:1D:DF:AD:9A:CF,-76,Unknown,{76: b'\x10\x07w\x1fEx\x19M\xc8'}
2026-03-16T16:17:46.261747,7D:FA:74:CF:97:AC,-94,Unknown,{76: b'\x10\x074\x1f\xe6j\xf4Rh'}
2026-03-16T16:17:46.262604,49:8D:9F:83:E2:E2,-96,Unknown,{76: b'\x10\x05\x07\x18&\xf0$'}
2026-03-16T16:17:46.290279,4F:29:00:D5:AE:DB,-94,Unknown,{18328: b'D\xae\xba\x0f\x00\x00'}
2026-03-16T16:17:46.290620,2D:D7:76:63:C3:4A,-90,Unknown,"{6: b'\x01\x0f ""\xc4j \xe1;\x82b\xac\xca[\x03/\x81\x95\xb8\xef\x90\xa9\xe3[WW\xe0'}"
2026-03-16T16:17:46.319126,F8:A6:EF:D9:F6:67,-88,Unknown,{76: b'\x12\x02\x00\x03'}
2026-03-16T16:17:46.321595,61:45:02:4B:42:46,-98,Unknown,
2026-03-16T16:17:46.322100,24:D8:29:A3:A4:CE,-80,Unknown,"{6: b'\x01\t ""\x15$i\x1e%\xf0\x9bm\x9c\xa6\x06\xce\x0c\xa7C\xdcE\x0c\xf2\xed\xe8\xe3\xfd'}"
2026-03-16T16:17:46.363975,E8:93:26:2A:BB:2A,-96,Buds3 FE,{117: b'B\t\x81\x02\x14\x15\x03!\x01I\xf7\x0c\x01\\\x06\xbc\xa4\xca\x00\x00\x00\x00\xd3\x00'}
2026-03-16T16:17:46.402228,66:1F:B6:80:98:D8,-80,Unknown,{76: b'\x10\x06\n\x1d\xcf\x1d*\x08'}
2026-03-16T16:17:46.403266,75:74:F6:1B:A3:F0,-72,Unknown,{76: b'\x10\x07 \x1f)\xa6h\xcf8'}
2026-03-16T16:17:46.403684,60:AD:B1:89:23:03,-96,Unknown,{76: b'\x07\x19\x01$ \x0b\xa6\x8f\x11\x00\x05n\xf6\xb9\x96N\x85\xb5\r\x06\xca\x11\x872\x80 N'}
2026-03-16T16:17:46.403962,1D:2E:DB:89:E0:AC,-86,Unknown,
2026-03-16T16:17:46.404203,69:1F:A2:39:0A:62,-94,Unknown,{76: b'\x10\x06?\x1d\xaa\\LH'}
2026-03-16T16:17:46.451026,D5:50:8F:E3:F8:57,-88,Unknown,{76: b'\x12\x02n\x03\x07\x11\x06J?1@\x0e\x06ouQ\xd3\xe7\xf7r\xf4\xff\xf8'}
2026-03-16T16:17:46.451406,5E:4A:E0:A3:A8:30,-78,Unknown,"{76: b'\x07\x19\x01\' ""\xfa\x8f\x12\x00\x06%F\xe2\xa9\x8a\x97_\xec\x8b\xde0\x8bX\xcf)\xeb'}"
2026-03-16T16:17:46.473940,0B:BD:F6:DB:50:07,-72,Unknown,
2026-03-16T16:17:46.475000,59:FC:2F:1A:B8:B5,-90,Unknown,{76: b'\x10\x06\x06\x19\x91G7\x08'}
2026-03-16T16:17:46.475768,E9:0A:EB:9B:69:96,-80,Unknown,{76: b'\x12\x02\x00\x01'}
2026-03-16T16:17:46.530844,4A:04:A6:AC:B4:BF,-72,Unknown,{76: b'\x10\x06\x03\x1d0\xd1s\x18'}
2026-03-16T16:17:46.531509,47:CD:A2:34:96:64,-100,Unknown,{117: b'\x02\x18b\xb1\xc7G\x83\xec\xcak\x10\x00L\x00\xff2\x1eD\xe9W\xb3_\x15\xd5'}
2026-03-16T16:17:46.534198,60:C9:0A:91:94:3E,-76,Unknown,{76: b'\x10\x06\x03\x1d\x95\xee\xcaH'}
2026-03-16T16:17:46.580812,63:22:CE:0C:80:B5,-94,Unknown,"{76: b'\x10\x05\x06\x98""\xbf\xe9'}"
2026-03-16T16:17:46.581812,59:A9:2D:BF:32:4E,-76,Unknown,{76: b'\x10\x077\x1f7:V\xbbH'}
2026-03-16T16:17:46.582075,18:43:A3:D7:DE:35,-68,Unknown,
2026-03-16T16:17:46.613325,7D:8D:0F:65:7D:6E,-78,Unknown,"{76: b'\x10\x07,\x1fG\xefa\x02X'}"
2026-03-16T16:17:46.614054,32:55:BF:6F:C9:61,-84,Unknown,"{6: b'\x01\t ""7\xa7\x12\x83o9\x08\x03\xc5\x1a\xe0N\xe1\xb6\xe9Z\xa9Z^K\xed\xb7|'}"
2026-03-16T16:17:46.614234,00:00:00:00:00:00,-74,Unknown,
2026-03-16T16:17:46.666861,40:34:33:E3:5B:0D,-94,Unknown,{76: b'\x10\x075\x1b\x86\xc2\x1frx'}
2026-03-16T16:17:46.669690,5A:B9:05:5C:F8:FF,-98,Unknown,{49040: b'\xd9]&2\x00\x00'}
2026-03-16T16:17:46.670812,47:CD:A2:34:96:64,-94,Unknown,{117: b'\x02\x18b\xb1\xc7G\x83\xec\xcak\x10\x00L\x00\xff2\x1eD\xe9W\xb3_\x15\xd5'}
2026-03-16T16:17:46.671293,5D:ED:0F:F9:BC:2F,-92,Unknown,{117: b'\x02\x18\xaa\x00b\xc0\t\x8d\x07/\x83y\xf8!\x10#xE\xb9]&\xee\x1c\xe8\x0b7v\x98\xe0\xc6\x84\x87\x84\x85/\x82\x95\xa4hM\xec\xe9\x96\xf1\xa2\x01\xce\x07\x12\x1d\xff'}
2026-03-16T16:17:46.708889,76:32:5B:FC:99:F3,-72,Unknown,{76: b'\x10\x06\x08\x1d\xf5?\x918'}
2026-03-16T16:17:46.734965,7A:78:AB:CE:D9:A9,-84,Unknown,{76: b'\x10\x06\x0e\x1dy\xed\xb1\x18'}
2026-03-16T16:17:46.735469,6E:B3:CA:B1:E4:9B,-84,Unknown,{76: b'\x10\x05\r\x18q+\xd0'}
2026-03-16T16:17:46.735849,4D:39:28:C6:A0:AD,-86,Unknown,{76: b'\x16\x08\x00\xd2\xb1\x07\xa8x\xe9K'}
2026-03-16T16:17:46.768054,60:AD:B1:89:23:03,-94,Unknown,{76: b'\x07\x19\x01$ \x0b\xa6\x8f\x11\x00\x05n\xf6\xb9\x96N\x85\xb5\r\x06\xca\x11\x872\x80 N'}
2026-03-16T16:17:46.768586,40:B8:70:B5:21:6F,-62,Unknown,{76: b'\x10\x076\x1f\xe3ji\x9bX'}
2026-03-16T16:17:46.768799,6C:29:63:C2:6E:1D,-94,Unknown,{76: b'\x10\x06\x06\x19\x91G7\x08'}
2026-03-16T16:17:46.813876,49:D8:C4:56:52:BC,-98,Unknown,{76: b'\x10\x074\x1f\x02p85\x18'}
2026-03-16T16:17:46.814403,7E:80:54:3D:71:14,-92,Unknown,{76: b'\x10\x067\x1a-\x1b\xeb?'}
2026-03-16T16:17:46.868851,18:43:A3:D7:DE:35,-82,Unknown,
2026-03-16T16:17:46.869518,35:F7:D3:17:58:0D,-88,Unknown,"{6: b'\x01\x0f ""\xee\xcf3J\x91\x86\x8a\xaa\x84\x040\x91\x16\xf4\x12b\xee\x8afY\xfc!l'}"
2026-03-16T16:17:46.869749,57:8F:A8:E8:41:CD,-88,Unknown,{76: b'\x01\x00\x00\x00\x00\x00\x00\x00\x00\x00\x00\x00\x00\x80\x00\x00\x00'}
2026-03-16T16:17:46.905006,4E:37:4D:F9:CC:C5,-96,Unknown,{76: b'\x07\x19\x01\x1f +\x04\x80\x00\x12\xc4\x9b\xc3\x9c\xe5\xf4R\xf9\xb9\x01\x8d\x91\x0e\xee\xa2`4'}
2026-03-16T16:17:46.905676,7B:02:8A:8B:6C:9B,-80,Unknown,{76: b'\x01\x00\x00\x00\x00\x00\x00\x00\x00\x00\x00\x00\x00\x80\x00\x00\x00'}
2026-03-16T16:17:46.905910,E8:93:26:2A:BB:2A,-96,Buds3 FE,{117: b'B\t\x81\x02\x14\x15\x03!\x01I\xf7\x0c\x01\\\x06\xbc\xa4\xca\x00\x00\x00\x00\xd3\x00'}
2026-03-16T16:17:46.945321,51:C8:37:83:2A:4A,-98,Unknown,{76: b'\x10\x074\x1f\xbfU\x8ed\x18'}
2026-03-16T16:17:46.946724,66:1F:B6:80:98:D8,-84,Unknown,{76: b'\x10\x06\n\x1d\xcf\x1d*\x08'}
2026-03-16T16:17:46.947196,53:F8:AD:FB:72:83,-72,Unknown,{76: b'\x01\x00\x00\x00\x00\x00\x00\x00\x00\x00\x00\x00\x00\x80\x00\x00\x00'}
2026-03-16T16:17:46.947776,4D:39:28:C6:A0:AD,-88,Unknown,{76: b'\x16\x08\x00\xd2\xb1\x07\xa8x\xe9K'}
2026-03-16T16:17:46.948126,0C:70:A6:9F:F1:B8,-98,Unknown,"{6: b'\x01\x0f ""ZR\xa7\r\xbc\x1b\x8c\xc5,\xef\xa4\x0f\x1c\xdb\xf9\xeb(wz&w\x12b'}"
2026-03-16T16:17:46.979634,75:74:F6:1B:A3:F0,-72,Unknown,{76: b'\x01\x00\x00\x00\x00\x00\x00\x00\x00\x00\x00\x00\x00\x80\x00\x00\x00'}
2026-03-16T16:17:46.980205,E0:89:7E:7E:1F:45,-88,Unknown,{76: b'\x10\x05\t\x14\xa8H\xf9'}
2026-03-16T16:17:46.980478,64:C9:4C:31:47:39,-78,Unknown,{76: b'\x10\x07=\x1f\x14\t\xb0\x058'}
2026-03-16T16:17:47.004841,47:CD:A2:34:96:64,-94,Unknown,{117: b'\xdc\x0c`\xf0\xd1)\xe5\x1f\xf1\n\x0e\x14c\xd5\x93\xb3\xcf3V'}
2026-03-16T16:17:47.005375,5E:4A:E0:A3:A8:30,-80,Unknown,"{76: b'\x07\x19\x01\' ""\xfa\x8f\x12\x00\x06%F\xe2\xa9\x8a\x97_\xec\x8b\xde0\x8bX\xcf)\xeb'}"
2026-03-16T16:17:47.055852,66:CF:26:C9:48:00,-98,Unknown,"{117: b'\x02\x18a\xb1\xc7G\xc7L\xc2\x13,p\x1a\xa4\xb8\x0f~G;\x0eS\xbfM)'}"
2026-03-16T16:17:47.057355,32:55:BF:6F:C9:61,-84,Unknown,"{6: b'\x01\t ""7\xa7\x12\x83o9\x08\x03\xc5\x1a\xe0N\xe1\xb6\xe9Z\xa9Z^K\xed\xb7|'}"
2026-03-16T16:17:47.058142,0B:BD:F6:DB:50:07,-66,Unknown,
2026-03-16T16:17:47.106954,6D:1D:DF:AD:9A:CF,-78,Unknown,{76: b'\x10\x07w\x1fEx\x19M\xc8'}
2026-03-16T16:17:47.108301,D4:84:AC:60:FC:9B,-74,Unknown,{76: b'\x12\x02\x00\x02'}
2026-03-16T16:17:47.108532,60:C9:0A:91:94:3E,-78,Unknown,{76: b'\x10\x06\x03\x1d\x95\xee\xcaH'}
2026-03-16T16:17:47.108642,59:A9:2D:BF:32:4E,-76,Unknown,{76: b'\x10\x077\x1f7:V\xbbH'}
2026-03-16T16:17:47.163377,60:AD:B1:89:23:03,-98,Unknown,{76: b'\x07\x19\x01$ \x0b\xa6\x8f\x11\x00\x05n\xf6\xb9\x96N\x85\xb5\r\x06\xca\x11\x872\x80 N'}
2026-03-16T16:17:47.163836,7B:02:8A:8B:6C:9B,-74,Unknown,{76: b'\x01\x00\x00\x00\x00\x00\x00\x00\x00\x00\x00\x00\x00\x80\x00\x00\x00'}
2026-03-16T16:17:47.164793,7D:8D:0F:65:7D:6E,-76,Unknown,"{76: b'\x10\x07,\x1fG\xefa\x02X'}"
2026-03-16T16:17:47.182877,3D:5D:8F:2A:E3:1C,-80,Unknown,
2026-03-16T16:17:47.237908,66:1F:B6:80:98:D8,-78,Unknown,{76: b'\x10\x06\n\x1d\xcf\x1d*\x08'}
2026-03-16T16:17:47.238974,4F:29:00:D5:AE:DB,-92,Unknown,{18328: b'D\xae\xba\x0f\x00\x00'}
2026-03-16T16:17:47.239613,40:34:33:E3:5B:0D,-92,Unknown,{76: b'\x10\x075\x1b\x86\xc2\x1frx'}
2026-03-16T16:17:47.289398,76:32:5B:FC:99:F3,-70,Unknown,{76: b'\x10\x06\x08\x1d\xf5?\x918'}
2026-03-16T16:17:47.289666,62:D0:1D:87:C2:E0,-92,Unknown,"{76: b'\x10\x06)\x1e\x82\xc1\xad""'}"
2026-03-16T16:17:47.289762,6E:B3:CA:B1:E4:9B,-86,Unknown,{76: b'\x10\x05\r\x18q+\xd0'}
2026-03-16T16:17:47.395920,E8:93:26:2A:BB:2A,-96,Buds3 FE,{117: b'B\t\x81\x02\x14\x15\x03!\x01I\xf7\x0c\x01\\\x06\xbc\xa4\xca\x00\x00\x00\x00\xd3\x00'}
2026-03-16T16:17:47.397448,E6:2E:78:10:55:B2,-84,Unknown,{76: b'\x12\x02\x00\x01'}
2026-03-16T16:17:47.397698,7E:00:81:41:FA:B6,-84,LE_WF-C500,
2026-03-16T16:17:47.397826,0C:63:C0:93:18:1F,-80,Unknown,
2026-03-16T16:17:47.450700,F7:48:C9:B9:3B:C3,-68,Unknown,{76: b'\x12\x02\x00\x02'}
2026-03-16T16:17:47.451032,32:55:BF:6F:C9:61,-78,Unknown,"{6: b'\x01\t ""7\xa7\x12\x83o9\x08\x03\xc5\x1a\xe0N\xe1\xb6\xe9Z\xa9Z^K\xed\xb7|'}"
2026-03-16T16:17:47.451197,5D:ED:0F:F9:BC:2F,-94,Unknown,{117: b'\x02\x18\xaa\x00b\xc0\t\x8d\x07/\x83y\xf8!\x10#xE\xb9]&\xee\x1c\xe8\x0b7v\x98\xe0\xc6\x84\x87\x84\x85/\x82\x95\xa4hM\xec\xe9\x96\xf1\xa2\x01\xce\x07\x12\x1d\xff'}
2026-03-16T16:17:47.496715,35:F7:D3:17:58:0D,-88,Unknown,"{6: b'\x01\x0f ""\xee\xcf3J\x91\x86\x8a\xaa\x84\x040\x91\x16\xf4\x12b\xee\x8afY\xfc!l'}"
2026-03-16T16:17:47.496969,00:00:00:00:00:00,-78,Unknown,
2026-03-16T16:17:47.497506,17:9F:AD:25:95:BE,-74,Unknown,
2026-03-16T16:17:47.531460,E0:89:7E:7E:1F:45,-84,Unknown,{76: b'\x10\x05\t\x14\xa8H\xf9'}
2026-03-16T16:17:47.531751,75:74:F6:1B:A3:F0,-74,Unknown,{76: b'\x01\x00\x00\x00\x00\x00\x00\x00\x00\x00\x00\x00\x00\x80\x00\x00\x00'}
2026-03-16T16:17:47.531900,64:C9:4C:31:47:39,-90,Unknown,{76: b'\x10\x07=\x1f\x14\t\xb0\x058'}
2026-03-16T16:17:47.552936,7D:FA:74:CF:97:AC,-96,Unknown,{76: b'\x10\x074\x1f\xe6j\xf4Rh'}
2026-03-16T16:17:47.553271,5E:4A:E0:A3:A8:30,-80,Unknown,"{76: b'\x07\x19\x01\' ""\xfa\x8f\x12\x00\x06%F\xe2\xa9\x8a\x97_\xec\x8b\xde0\x8bX\xcf)\xeb'}"
2026-03-16T16:17:47.553455,FC:C4:E0:86:8B:5E,-72,Unknown,{76: b'\x12\x02\x00\x00'}
2026-03-16T16:17:47.574006,49:8D:9F:83:E2:E2,-94,Unknown,{76: b'\x10\x05\x07\x18&\xf0$'}
2026-03-16T16:17:47.604064,4A:04:A6:AC:B4:BF,-76,Unknown,{76: b'\x10\x06\x03\x1d0\xd1s\x18'}
2026-03-16T16:17:47.604534,6D:1D:DF:AD:9A:CF,-88,Unknown,{76: b'\x10\x07w\x1fEx\x19M\xc8'}
2026-03-16T16:17:47.664278,60:C9:0A:91:94:3E,-78,Unknown,{76: b'\x10\x06\x03\x1d\x95\xee\xcaH'}
2026-03-16T16:17:47.665400,63:22:CE:0C:80:B5,-96,Unknown,"{76: b'\x10\x05\x06\x98""\xbf\xe9'}"
2026-03-16T16:17:47.665693,59:A9:2D:BF:32:4E,-78,Unknown,{76: b'\x10\x077\x1f7:V\xbbH'}
2026-03-16T16:17:47.665909,C9:43:74:E7:1A:98,-94,Unknown,{76: b'\x12\x02\x00\x02'}
2026-03-16T16:17:47.666133,4D:39:28:C6:A0:AD,-82,Unknown,{76: b'\x16\x08\x00\xd2\xb1\x07\xa8x\xe9K'}
2026-03-16T16:17:47.714948,35:F7:D3:17:58:0D,-92,Unknown,"{6: b'\x01\x0f ""\xee\xcf3J\x91\x86\x8a\xaa\x84\x040\x91\x16\xf4\x12b\xee\x8afY\xfc!l'}"
2026-03-16T16:17:47.715717,7B:02:8A:8B:6C:9B,-82,Unknown,{76: b'\x01\x00\x00\x00\x00\x00\x00\x00\x00\x00\x00\x00\x00\x80\x00\x00\x00'}
2026-03-16T16:17:47.715973,5E:2A:06:12:53:CD,-94,Unknown,"{117: b""\x02\x18\xaa\x00a\x80\x03\xdd'\xaf\xaby\xf8!\x10\x1e\xe6\xc4\xeb\x90\rX@\xff\x9f\x08\x9as<7Z\x06\x8e\x03I\x1e;\xb9\x01\rX\x80<\xe1\xb2 ""}"
2026-03-16T16:17:47.731949,51:C8:37:83:2A:4A,-96,Unknown,{76: b'\x10\x074\x1f\xbfU\x8ed\x18'}
2026-03-16T16:17:47.761075,66:1F:B6:80:98:D8,-100,Unknown,{76: b'\x10\x06\n\x1d\xcf\x1d*\x08'}
2026-03-16T16:17:47.761687,40:34:33:E3:5B:0D,-100,Unknown,{76: b'\x10\x075\x1b\x86\xc2\x1frx'}
2026-03-16T16:17:47.762046,3D:5D:8F:2A:E3:1C,-78,Unknown,
2026-03-16T16:17:47.786121,69:1F:A2:39:0A:62,-96,Unknown,{76: b'\x10\x06?\x1d\xaa\\LH'}
2026-03-16T16:17:47.786622,3B:07:65:2C:C5:60,-96,Unknown,"{6: b'\x01\t ""\xa1\xd3\xc3\x83\xfay\x01\xc5\xad\xb7n\x1a7\xc8\x8fl\xa1r\xe7\xab\xdf-\xdd'}"
2026-03-16T16:17:47.844464,4F:29:00:D5:AE:DB,-94,Unknown,{18328: b'D\xae\xba\x0f\x00\x00'}
2026-03-16T16:17:47.844743,6D:95:7A:E5:2E:90,-70,Unknown,{76: b'\x10\x06\x0f\x1da\x9b\xaax'}
2026-03-16T16:17:47.844928,6E:B3:CA:B1:E4:9B,-82,Unknown,{76: b'\x10\x05\r\x18q+\xd0'}
2026-03-16T16:17:47.862607,32:55:BF:6F:C9:61,-88,Unknown,"{6: b'\x01\t ""7\xa7\x12\x83o9\x08\x03\xc5\x1a\xe0N\xe1\xb6\xe9Z\xa9Z^K\xed\xb7|'}"
2026-03-16T16:17:47.888099,F4:27:09:94:78:6B,-74,Unknown,"{76: b""\x12\x19\x00\xe3\x8dl\xee\xd5\x00\xd3\x82'\x0f\xffy;\xcb+}F\xfaJ\xd0f&\x03\x00""}"
2026-03-16T16:17:47.943033,47:CD:A2:34:96:64,-96,Unknown,{117: b'\xdc\x0c`\xf0\xd1)\xe5\x1f\xf1\n\x0e\x14c\xd5\x93\xb3\xcf3V'}
2026-03-16T16:17:47.972904,7B:02:8A:8B:6C:9B,-74,Unknown,{76: b'\x01\x00\x00\x00\x00\x00\x00\x00\x00\x00\x00\x00\x00\x80\x00\x00\x00'}
2026-03-16T16:17:47.973387,7D:8D:0F:65:7D:6E,-80,Unknown,"{76: b'\x10\x07,\x1fG\xefa\x02X'}"
2026-03-16T16:17:47.993386,24:D8:29:A3:A4:CE,-76,Unknown,"{6: b'\x01\t ""\x15$i\x1e%\xf0\x9bm\x9c\xa6\x06\xce\x0c\xa7C\xdcE\x0c\xf2\xed\xe8\xe3\xfd'}"
2026-03-16T16:17:48.079046,3D:5D:8F:2A:E3:1C,-78,Unknown,
2026-03-16T16:17:48.079643,76:32:5B:FC:99:F3,-80,Unknown,{76: b'\x10\x06\x08\x1d\xf5?\x918'}
2026-03-16T16:17:48.080310,64:C9:4C:31:47:39,-84,Unknown,{76: b'\x10\x07=\x1f\x14\t\xb0\x058'}
2026-03-16T16:17:48.080818,5D:ED:0F:F9:BC:2F,-96,Unknown,{117: b'\x02\x18\xaa\x00b\xc0\t\x8d\x07/\x83y\xf8!\x10#xE\xb9]&\xee\x1c\xe8\x0b7v\x98\xe0\xc6\x84\x87\x84\x85/\x82\x95\xa4hM\xec\xe9\x96\xf1\xa2\x01\xce\x07\x12\x1d\xff'}
2026-03-16T16:17:48.135018,6D:95:7A:E5:2E:90,-80,Unknown,{76: b'\x10\x06\x0f\x1da\x9b\xaax'}
2026-03-16T16:17:48.135681,7A:78:AB:CE:D9:A9,-84,Unknown,{76: b'\x10\x06\x0e\x1dy\xed\xb1\x18'}
2026-03-16T16:17:48.135919,66:68:87:27:63:E2,-100,Unknown,{76: b'\x10\x05\n\x98\xc0\xbcI'}
2026-03-16T16:17:48.136417,4F:29:00:D5:AE:DB,-96,Unknown,{18328: b'D\xae\xba\x0f\x00\x00'}
2026-03-16T16:17:48.137634,F7:74:60:4A:14:96,-90,Unknown,{76: b'\x12\x02\x00\x01'}
2026-03-16T16:17:48.187766,4A:04:A6:AC:B4:BF,-76,Unknown,{76: b'\x10\x06\x03\x1d0\xd1s\x18'}
2026-03-16T16:17:48.188182,7E:00:81:41:FA:B6,-86,LE_WF-C500,
2026-03-16T16:17:48.188309,52:17:0E:A4:A6:91,-98,Unknown,{117: b'B\r\x17\x00\x00\x00\x00\x00\x00\x00\x00\x00\x00\x00\x00\x00\x00\x00\x00\x00\x00\x00\x00\x00\x00\x00\x00'}
2026-03-16T16:17:48.188389,60:C9:0A:91:94:3E,-78,Unknown,{76: b'\x10\x06\x03\x1d\x95\xee\xcaH'}
2026-03-16T16:17:48.201959,4D:39:28:C6:A0:AD,-88,Unknown,{76: b'\x16\x08\x00\xd2\xb1\x07\xa8x\xe9K'}
2026-03-16T16:17:48.260199,18:43:A3:D7:DE:35,-80,Unknown,
2026-03-16T16:17:48.260508,42:5C:3B:9B:48:4D,-88,Unknown,{76: b'\t\x08\x13v\n\x16!)\x1bX\x16\x08\x00\xca\xa4\xdc\xc2\x08s#'}
2026-03-16T16:17:48.286274,0C:70:A6:9F:F1:B8,-94,Unknown,"{6: b'\x01\x0f ""ZR\xa7\r\xbc\x1b\x8c\xc5,\xef\xa4\x0f\x1c\xdb\xf9\xeb(wz&w\x12b'}"
2026-03-16T16:17:48.286788,66:1F:B6:80:98:D8,-98,Unknown,{76: b'\x10\x06\n\x1d\xcf\x1d*\x08'}
2026-03-16T16:17:48.318932,5E:4A:E0:A3:A8:30,-78,Unknown,"{76: b'\x07\x19\x01\' ""\xfa\x8f\x12\x00\x06%F\xe2\xa9\x8a\x97_\xec\x8b\xde0\x8bX\xcf)\xeb'}"
2026-03-16T16:17:48.319870,75:74:F6:1B:A3:F0,-70,Unknown,{76: b'\x01\x00\x00\x00\x00\x00\x00\x00\x00\x00\x00\x00\x00\x80\x00\x00\x00'}
2026-03-16T16:17:48.320171,24:D8:29:A3:A4:CE,-74,Unknown,"{6: b'\x01\t ""\x15$i\x1e%\xf0\x9bm\x9c\xa6\x06\xce\x0c\xa7C\xdcE\x0c\xf2\xed\xe8\xe3\xfd'}"
2026-03-16T16:17:48.345154,E0:89:7E:7E:1F:45,-86,Unknown,{76: b'\x10\x05\t\x14\xa8H\xf9'}
2026-03-16T16:17:48.345688,3D:5D:8F:2A:E3:1C,-82,Unknown,
2026-03-16T16:17:48.345841,00:00:00:00:00:00,-80,Unknown,
2026-03-16T16:17:48.387872,66:68:87:27:63:E2,-92,Unknown,{76: b'\x10\x05\n\x98\xc0\xbcI'}
2026-03-16T16:17:48.443073,EA:8F:A5:C7:14:A6,-72,Unknown,{76: b'\x12\x02\x00\x00'}
2026-03-16T16:17:48.443546,0B:BD:F6:DB:50:07,-66,Unknown,
2026-03-16T16:17:48.500994,63:22:CE:0C:80:B5,-92,Unknown,"{76: b'\x10\x05\x06\x98""\xbf\xe9'}"
2026-03-16T16:17:48.502947,7E:FF:17:E3:CF:34,-96,Unknown,{117: b'\xc9\x7f\xd8\x1f\xe0\xc3'}
2026-03-16T16:17:48.503618,D5:F5:C4:81:F4:46,-76,Unknown,{76: b'\x12\x02n\x03\x07\x11\x06C\xa3\xb4\x1b\xef\xbahxS\x7fOJ*DF\x04'}
2026-03-16T16:17:48.526786,2D:D7:76:63:C3:4A,-88,Unknown,"{6: b'\x01\x0f ""\xc4j \xe1;\x82b\xac\xca[\x03/\x81\x95\xb8\xef\x90\xa9\xe3[WW\xe0'}"
2026-03-16T16:17:48.527931,7B:02:8A:8B:6C:9B,-80,Unknown,{76: b'\x01\x00\x00\x00\x00\x00\x00\x00\x00\x00\x00\x00\x00\x80\x00\x00\x00'}
2026-03-16T16:17:48.528404,52:17:0E:A4:A6:91,-100,Unknown,{117: b'B\r\x01\x01\x01\x04\x01\x00\x00\x00\x00\x00\x00\x03\x00\x00\x00\x00\x00\x00\x00\x00\x00\x00'}
2026-03-16T16:17:48.550037,57:8F:A8:E8:41:CD,-92,Unknown,{76: b'\x01\x00\x00\x00\x00\x00\x00\x00\x00\x00\x00\x00\x00\x80\x00\x00\x00'}
2026-03-16T16:17:48.550738,18:43:A3:D7:DE:35,-78,Unknown,
2026-03-16T16:17:48.551196,04:59:95:6D:80:B3,-72,Unknown,
2026-03-16T16:17:48.634374,E8:93:26:2A:BB:2A,-96,Buds3 FE,{117: b'B\t\x81\x02\x14\x15\x03!\x01I\xf7\x0c\x01\\\x06\xbc\xa4\xca\x00\x00\x00\x00\xd3\x00'}
2026-03-16T16:17:48.634974,3D:5D:8F:2A:E3:1C,-78,Unknown,
2026-03-16T16:17:48.635398,42:5C:3B:9B:48:4D,-96,Unknown,{76: b'\t\x08\x13v\n\x16!)\x1bX\x16\x08\x00\xca\xa4\xdc\xc2\x08s#'}
2026-03-16T16:17:48.636810,F6:0D:F5:48:7E:6A,-84,Unknown,{76: b'\x12\x19\x00;\r\xc8f\xa3\r\xe1\xc35\xc5\xc0#\x8cI\xab/\x14\x95\x87\xb1uq\x01\x00'}
2026-03-16T16:17:48.661541,00:00:00:00:00:00,-88,Unknown,
2026-03-16T16:17:48.662806,7A:78:AB:CE:D9:A9,-80,Unknown,{76: b'\x10\x06\x0e\x1dy\xed\xb1\x18'}
2026-03-16T16:17:48.663130,6E:B3:CA:B1:E4:9B,-86,Unknown,{76: b'\x10\x05\r\x18q+\xd0'}
2026-03-16T16:17:48.713314,5E:4A:E0:A3:A8:30,-94,Unknown,"{76: b'\x07\x19\x01\' ""\xfa\x8f\x12\x00\x06%F\xe2\xa9\x8a\x97_\xec\x8b\xde0\x8bX\xcf)\xeb'}"
2026-03-16T16:17:48.716365,40:B8:70:B5:21:6F,-64,Unknown,{76: b'\x10\x076\x1f\xe3ji\x9bX'}
2026-03-16T16:17:48.716659,32:55:BF:6F:C9:61,-86,Unknown,"{6: b'\x01\t ""7\xa7\x12\x83o9\x08\x03\xc5\x1a\xe0N\xe1\xb6\xe9Z\xa9Z^K\xed\xb7|'}"
2026-03-16T16:17:48.716785,0C:70:A6:9F:F1:B8,-94,Unknown,"{6: b'\x01\x0f ""ZR\xa7\r\xbc\x1b\x8c\xc5,\xef\xa4\x0f\x1c\xdb\xf9\xeb(wz&w\x12b'}"
2026-03-16T16:17:48.759416,4F:29:00:D5:AE:DB,-96,Unknown,{18328: b'D\xae\xba\x0f\x00\x00'}
2026-03-16T16:17:48.760136,7E:80:54:3D:71:14,-90,Unknown,{76: b'\x10\x067\x1a-\x1b\xeb?'}
2026-03-16T16:17:48.760448,60:C9:0A:91:94:3E,-78,Unknown,{76: b'\x10\x06\x03\x1d\x95\xee\xcaH'}
2026-03-16T16:17:48.784424,0B:BD:F6:DB:50:07,-66,Unknown,
2026-03-16T16:17:48.784739,DE:43:95:71:B4:09,-68,Unknown,{76: b'\x07\x11\x06`\x80xO\xdd\x87\x82\xc5\xfa\x07\xc3\xe66\x05-\x1a'}
2026-03-16T16:17:48.811833,59:A9:2D:BF:32:4E,-78,Unknown,{76: b'\x10\x077\x1f7:V\xbbH'}
2026-03-16T16:17:48.813256,7D:8D:0F:65:7D:6E,-70,Unknown,"{76: b'\x10\x07,\x1fG\xefa\x02X'}"
2026-03-16T16:17:48.841957,60:AD:B1:89:23:03,-96,Unknown,{76: b'\x07\x19\x01$ \x0b\xa6\x8f\x11\x00\x05n\xf6\xb9\x96N\x85\xb5\r\x06\xca\x11\x872\x80 N'}
2026-03-16T16:17:48.843208,18:43:A3:D7:DE:35,-70,Unknown,
2026-03-16T16:17:48.843572,24:D8:29:A3:A4:CE,-76,Unknown,"{6: b'\x01\t ""\x15$i\x1e%\xf0\x9bm\x9c\xa6\x06\xce\x0c\xa7C\xdcE\x0c\xf2\xed\xe8\xe3\xfd'}"
2026-03-16T16:17:48.843898,66:1F:B6:80:98:D8,-88,Unknown,{76: b'\x10\x06\n\x1d\xcf\x1d*\x08'}
2026-03-16T16:17:48.863100,5E:4A:E0:A3:A8:30,-80,Unknown,"{76: b'\x07\x19\x01\' ""\xfa\x8f\x12\x00\x06%F\xe2\xa9\x8a\x97_\xec\x8b\xde0\x8bX\xcf)\xeb'}"
2026-03-16T16:17:48.863654,04:59:95:6D:80:B3,-76,Unknown,
2026-03-16T16:17:48.864319,D9:34:33:4B:99:DB,-70,Unknown,{76: b'\x12\x02\x00\x01'}
2026-03-16T16:17:48.909993,69:1F:A2:39:0A:62,-96,Unknown,{76: b'\x10\x06?\x1d\xaa\\LH'}
2026-03-16T16:17:48.910394,49:8D:9F:83:E2:E2,-92,Unknown,{76: b'\x10\x05\x07\x18&\xf0$'}
2026-03-16T16:17:48.948107,64:C9:4C:31:47:39,-82,Unknown,{76: b'\x10\x07=\x1f\x14\t\xb0\x058'}
2026-03-16T16:17:48.948556,00:00:00:00:00:00,-80,Unknown,
2026-03-16T16:17:48.948727,6D:95:7A:E5:2E:90,-80,Unknown,{76: b'\x10\x06\x0f\x1da\x9b\xaax'}
2026-03-16T16:17:48.948925,62:D0:1D:87:C2:E0,-94,Unknown,"{76: b'\x10\x06)\x1e\x82\xc1\xad""'}"
2026-03-16T16:17:48.972033,4D:39:28:C6:A0:AD,-86,Unknown,{76: b'\x16\x08\x00\xd2\xb1\x07\xa8x\xe9K'}
2026-03-16T16:17:48.972443,3B:07:65:2C:C5:60,-94,Unknown,"{6: b'\x01\t ""\xa1\xd3\xc3\x83\xfay\x01\xc5\xad\xb7n\x1a7\xc8\x8fl\xa1r\xe7\xab\xdf-\xdd'}"
2026-03-16T16:17:48.972725,75:74:F6:1B:A3:F0,-76,Unknown,{76: b'\x10\x07d\x1f)\xa6h\xcf8'}
2026-03-16T16:17:49.027135,6D:1D:DF:AD:9A:CF,-80,Unknown,{76: b'\x10\x07w\x1fEx\x19M\xc8'}
2026-03-16T16:17:49.027985,F6:1B:5D:FD:34:4D,-88,Unknown,{76: b'\x12\x02\x00\x01'}
2026-03-16T16:17:49.029638,E8:93:26:2A:BB:2A,-96,Buds3 FE,{117: b'B\t\x81\x02\x14\x15\x03!\x01I\xf7\x0c\x01\\\x06\xbc\xa4\xca\x00\x00\x00\x00\xd3\x00'}
2026-03-16T16:17:49.029961,63:22:CE:0C:80:B5,-94,Unknown,"{76: b'\x10\x05\x06\x98""\xbf\xe9'}"
2026-03-16T16:17:49.030116,0B:BD:F6:DB:50:07,-66,Unknown,
2026-03-16T16:17:49.049584,2D:D7:76:63:C3:4A,-90,Unknown,"{6: b'\x01\x0f ""\xc4j \xe1;\x82b\xac\xca[\x03/\x81\x95\xb8\xef\x90\xa9\xe3[WW\xe0'}"
2026-03-16T16:17:49.049857,5E:4A:E0:A3:A8:30,-92,Unknown,"{76: b'\x07\x19\x01\' ""\xfa\x8f\x12\x00\x06%F\xe2\xa9\x8a\x97_\xec\x8b\xde0\x8bX\xcf)\xeb'}"
2026-03-16T16:17:49.049952,EF:DD:55:C5:ED:69,-96,Unknown,{76: b'\x12\x02\x00\x02'}
2026-03-16T16:17:49.105301,7B:02:8A:8B:6C:9B,-74,Unknown,{76: b'\x01\x00\x00\x00\x00\x00\x00\x00\x00\x00\x00\x00\x00\x80\x00\x00\x00'}
2026-03-16T16:17:49.105709,57:8F:A8:E8:41:CD,-92,Unknown,{76: b'\x10\x075\x1f\x12\xe6d\xb3x'}
2026-03-16T16:17:49.105951,F7:3F:86:C2:8D:66,-84,Unknown,{76: b'\x12\x02\x00\x01'}
2026-03-16T16:17:49.153975,4E:37:4D:F9:CC:C5,-98,Unknown,{76: b'\x07\x19\x01\x1f +\x04\x80\x00\x12\xc4\x9b\xc3\x9c\xe5\xf4R\xf9\xb9\x01\x8d\x91\x0e\xee\xa2`4'}
2026-03-16T16:17:49.155389,5A:B9:05:5C:F8:FF,-96,Unknown,{49040: b'\xd9]&2\x00\x00'}
2026-03-16T16:17:49.155648,51:C8:37:83:2A:4A,-96,Unknown,{76: b'\x10\x074\x1f\xbfU\x8ed\x18'}
2026-03-16T16:17:49.182977,69:1F:A2:39:0A:62,-100,Unknown,{76: b'\x10\x06?\x1d\xaa\\LH'}
2026-03-16T16:17:49.183995,42:5C:3B:9B:48:4D,-88,Unknown,{76: b'\t\x08\x13v\n\x16!)\x1bX\x16\x08\x00\xca\xa4\xdc\xc2\x08s#'}
2026-03-16T16:17:49.184218,66:CF:26:C9:48:00,-96,Unknown,{117: b'O\x11\xad\x14\xa8\xe6\xe4\x84\x84\xe8\xff\xa2\x02\xd8'}
2026-03-16T16:17:49.236247,60:AD:B1:89:23:03,-96,Unknown,{76: b'\x07\x19\x01$ \x0b\xa6\x8f\x11\x00\x05n\xf6\xb9\x96N\x85\xb5\r\x06\xca\x11\x872\x80 N'}
2026-03-16T16:17:49.236705,00:00:00:00:00:00,-78,Unknown,
2026-03-16T16:17:49.237182,6E:B3:CA:B1:E4:9B,-84,Unknown,{76: b'\x10\x05\r\x18q+\xd0'}
2026-03-16T16:17:49.237606,40:B8:70:B5:21:6F,-78,Unknown,{76: b'\x10\x076\x1f\xe3ji\x9bX'}
2026-03-16T16:17:49.264289,32:55:BF:6F:C9:61,-88,Unknown,"{6: b'\x01\t ""7\xa7\x12\x83o9\x08\x03\xc5\x1a\xe0N\xe1\xb6\xe9Z\xa9Z^K\xed\xb7|'}"
2026-03-16T16:17:49.265522,4A:04:A6:AC:B4:BF,-76,Unknown,{76: b'\x10\x06\x03\x1d0\xd1s\x18'}
2026-03-16T16:17:49.266495,49:8D:9F:83:E2:E2,-94,Unknown,{76: b'\x10\x05\x07\x18&\xf0$'}
2026-03-16T16:17:49.282623,7E:80:54:3D:71:14,-98,Unknown,{76: b'\x10\x067\x1a-\x1b\xeb?'}
2026-03-16T16:17:49.312623,4E:37:4D:F9:CC:C5,-94,Unknown,{76: b'\x07\x19\x01\x1f +\x04\x80\x00\x12\xc4\x9b\xc3\x9c\xe5\xf4R\xf9\xb9\x01\x8d\x91\x0e\xee\xa2`4'}
2026-03-16T16:17:49.313187,0B:BD:F6:DB:50:07,-66,Unknown,
2026-03-16T16:17:49.360561,47:CD:A2:34:96:64,-98,Unknown,{117: b'\x02\x18b\xb1\xc7G\x83\xec\xcak\x10\x00L\x00\xff2\x1eD\xe9W\xb3_\x15\xd5'}
2026-03-16T16:17:49.361095,7D:8D:0F:65:7D:6E,-72,Unknown,"{76: b'\x10\x07,\x1fG\xefa\x02X'}"
2026-03-16T16:17:49.417251,52:17:0E:A4:A6:91,-100,Unknown,{117: b'B\r\x01\x01\x01\x04\x01\x00\x00\x00\x00\x00\x00\x03\x00\x00\x00\x00\x00\x00\x00\x00\x00\x00'}
2026-03-16T16:17:49.418276,53:F8:AD:FB:72:83,-70,Unknown,{76: b'\x01\x00\x00\x00\x00\x00\x00\x00\x00\x00\x00\x00\x00\x80\x00\x00\x00'}
2026-03-16T16:17:49.418682,40:34:33:E3:5B:0D,-90,Unknown,{76: b'\x10\x075\x1b\x86\xc2\x1frx'}
2026-03-16T16:17:49.441349,64:C9:4C:31:47:39,-82,Unknown,{76: b'\x10\x07=\x1f\x14\t\xb0\x058'}
2026-03-16T16:17:49.441717,2D:D7:76:63:C3:4A,-90,Unknown,"{6: b'\x01\x0f ""\xc4j \xe1;\x82b\xac\xca[\x03/\x81\x95\xb8\xef\x90\xa9\xe3[WW\xe0'}"
2026-03-16T16:17:49.475776,0C:70:A6:9F:F1:B8,-94,Unknown,"{6: b'\x01\x0f ""ZR\xa7\r\xbc\x1b\x8c\xc5,\xef\xa4\x0f\x1c\xdb\xf9\xeb(wz&w\x12b'}"
2026-03-16T16:17:49.476061,6D:95:7A:E5:2E:90,-70,Unknown,{76: b'\x10\x06\x0f\x1da\x9b\xaax'}
2026-03-16T16:17:49.476245,7A:78:AB:CE:D9:A9,-80,Unknown,{76: b'\x10\x06\x0e\x1dy\xed\xb1\x18'}
2026-03-16T16:17:49.476361,5D:ED:0F:F9:BC:2F,-96,Unknown,{117: b'\x02\x18\xaa\x00b\xc0\t\x8d\x07/\x83y\xf8!\x10#xE\xb9]&\xee\x1c\xe8\x0b7v\x98\xe0\xc6\x84\x87\x84\x85/\x82\x95\xa4hM\xec\xe9\x96\xf1\xa2\x01\xce\x07\x12\x1d\xff'}
2026-03-16T16:17:49.525047,00:00:00:00:00:00,-78,Unknown,
2026-03-16T16:17:49.525629,4D:39:28:C6:A0:AD,-88,Unknown,{76: b'\x16\x08\x00\xd2\xb1\x07\xa8x\xe9K'}
2026-03-16T16:17:49.526965,75:74:F6:1B:A3:F0,-70,Unknown,{76: b'\x01\x00\x00\x00\x00\x00\x00\x00\x00\x00\x00\x00\x00\x80\x00\x00\x00'}
2026-03-16T16:17:49.550373,6D:1D:DF:AD:9A:CF,-88,Unknown,{76: b'\x10\x07w\x1fEx\x19M\xc8'}
2026-03-16T16:17:49.551002,42:5C:3B:9B:48:4D,-84,Unknown,{76: b'\t\x08\x13v\n\x16!)\x1bX\x16\x08\x00\xca\xa4\xdc\xc2\x08s#'}
2026-03-16T16:17:49.551949,49:D8:C4:56:52:BC,-94,Unknown,{76: b'\x10\x074\x1f\x02p85\x18'}
2026-03-16T16:17:49.571924,24:D8:29:A3:A4:CE,-74,Unknown,"{6: b'\x01\t ""\x15$i\x1e%\xf0\x9bm\x9c\xa6\x06\xce\x0c\xa7C\xdcE\x0c\xf2\xed\xe8\xe3\xfd'}"
2026-03-16T16:17:49.628054,7E:FF:17:E3:CF:34,-92,Unknown,"{117: b'\x02\x18a\xb1\xda\xaf=\xee\xe4.\xc72\x15\x0e\x96\x17\xf2\xac\xcc\xcb\xae!""t'}"
2026-03-16T16:17:49.629911,3B:07:65:2C:C5:60,-98,Unknown,"{6: b'\x01\t ""\xa1\xd3\xc3\x83\xfay\x01\xc5\xad\xb7n\x1a7\xc8\x8fl\xa1r\xe7\xab\xdf-\xdd'}"
2026-03-16T16:17:49.630286,7B:02:8A:8B:6C:9B,-84,Unknown,{76: b'\x01\x00\x00\x00\x00\x00\x00\x00\x00\x00\x00\x00\x00\x80\x00\x00\x00'}
2026-03-16T16:17:49.684073,49:8D:9F:83:E2:E2,-96,Unknown,{76: b'\x10\x05\x07\x18&\xf0$'}
2026-03-16T16:17:49.684489,E0:89:7E:7E:1F:45,-88,Unknown,{76: b'\x10\x05\t\x14\xa8H\xf9'}
2026-03-16T16:17:49.684772,51:C8:37:83:2A:4A,-88,Unknown,{76: b'\x01\x00\x00\x00\x00\x00\x00\x00\x00\x00\x00\x00\x00\x80\x00\x00\x00'}
2026-03-16T16:17:49.686059,7E:00:81:41:FA:B6,-82,LE_WF-C500,
2026-03-16T16:17:49.755089,6E:B3:CA:B1:E4:9B,-86,Unknown,{76: b'\x10\x05\r\x18q+\xd0'}
2026-03-16T16:17:49.755794,FB:13:34:2A:B7:BC,-94,Unknown,{76: b'\x12\x02\x00\x00'}
2026-03-16T16:17:49.805050,00:00:00:00:00:00,-78,Unknown,
2026-03-16T16:17:49.805756,25:A1:1F:B7:45:41,-94,Unknown,
2026-03-16T16:17:49.808201,40:B8:70:B5:21:6F,-78,Unknown,{76: b'\x10\x076\x1f\xe3ji\x9bX'}
2026-03-16T16:17:49.839047,04:59:95:6D:80:B3,-80,Unknown,
2026-03-16T16:17:49.840200,4A:04:A6:AC:B4:BF,-80,Unknown,{76: b'\x10\x06\x03\x1d0\xd1s\x18'}
2026-03-16T16:17:49.840432,49:8D:9F:83:E2:E2,-92,Unknown,{76: b'\x10\x05\x07\x18&\xf0$'}
2026-03-16T16:17:49.889203,5E:4A:E0:A3:A8:30,-98,Unknown,"{76: b'\x07\x19\x01\' ""\xfa\x8f\x12\x00\x06%F\xe2\xa9\x8a\x97_\xec\x8b\xde0\x8bX\xcf)\xeb'}"
2026-03-16T16:17:49.890093,7D:8D:0F:65:7D:6E,-70,Unknown,"{76: b'\x10\x07,\x1fG\xefa\x02\x08'}"
2026-03-16T16:17:49.890336,0B:BD:F6:DB:50:07,-64,Unknown,
2026-03-16T16:17:49.945112,42:5C:3B:9B:48:4D,-84,Unknown,{76: b'\t\x08\x13v\n\x16!)\x1bX\x16\x08\x00\xca\xa4\xdc\xc2\x08s#'}
2026-03-16T16:17:49.991503,E0:89:7E:7E:1F:45,-86,Unknown,{76: b'\x10\x05\t\x14\xa8H\xf9'}
2026-03-16T16:17:49.992956,40:34:33:E3:5B:0D,-92,Unknown,{76: b'\x10\x075\x1b\x86\xc2\x1frx'}
2026-03-16T16:17:49.993581,53:F8:AD:FB:72:83,-70,Unknown,{76: b'\x01\x00\x00\x00\x00\x00\x00\x00\x00\x00\x00\x00\x00\x80\x00\x00\x00'}
2026-03-16T16:17:49.994187,26:2F:17:E7:C8:5D,-96,Unknown,
2026-03-16T16:17:50.021293,5E:4A:E0:A3:A8:30,-90,Unknown,"{76: b'\x07\x19\x01\' ""\xfa\x8f\x12\x00\x06%F\xe2\xa9\x8a\x97_\xec\x8b\xde0\x8bX\xcf)\xeb'}"
2026-03-16T16:17:50.021777,6D:95:7A:E5:2E:90,-90,Unknown,{76: b'\x10\x06\x0f\x1da\x9b\xaax'}
2026-03-16T16:17:50.022340,7A:78:AB:CE:D9:A9,-90,Unknown,{76: b'\x10\x06\x0e\x1dy\xed\xb1\x18'}
2026-03-16T16:17:50.041081,66:68:87:27:63:E2,-86,Unknown,{76: b'\x10\x05\n\x98\xc0\xbcI'}
2026-03-16T16:17:50.069950,00:00:00:00:00:00,-80,Unknown,
2026-03-16T16:17:50.094970,5D:ED:0F:F9:BC:2F,-98,Unknown,{117: b'\x02\x18\xaa\x00b\xc0\t\x8d\x07/\x83y\xf8!\x10#xE\xb9]&\xee\x1c\xe8\x0b7v\x98\xe0\xc6\x84\x87\x84\x85/\x82\x95\xa4hM\xec\xe9\x96\xf1\xa2\x01\xce\x07\x12\x1d\xff'}
2026-03-16T16:17:50.181084,E8:93:26:2A:BB:2A,-96,Buds3 FE,{117: b'B\t\x81\x02\x14\x15\x03!\x01I\xf7\x0c\x01\\\x06\xbc\xa4\xca\x00\x00\x00\x00\xd3\x00'}
2026-03-16T16:17:50.181604,0B:BD:F6:DB:50:07,-64,Unknown,
2026-03-16T16:17:50.182570,7B:02:8A:8B:6C:9B,-84,Unknown,{76: b'\x01\x00\x00\x00\x00\x00\x00\x00\x00\x00\x00\x00\x00\x80\x00\x00\x00'}
2026-03-16T16:17:50.201068,5E:4A:E0:A3:A8:30,-86,Unknown,"{76: b'\x07\x19\x01\' ""\xfa\x8f\x12\x00\x06%F\xe2\xa9\x8a\x97_\xec\x8b\xde0\x8bX\xcf)\xeb'}"
2026-03-16T16:17:50.202125,57:8F:A8:E8:41:CD,-96,Unknown,{76: b'\x10\x075\x1f\x12\xe6d\xb3x'}
2026-03-16T16:17:50.202522,24:D8:29:A3:A4:CE,-90,Unknown,"{6: b'\x01\t ""\x15$i\x1e%\xf0\x9bm\x9c\xa6\x06\xce\x0c\xa7C\xdcE\x0c\xf2\xed\xe8\xe3\xfd'}"
2026-03-16T16:17:50.226323,51:C8:37:83:2A:4A,-94,Unknown,{76: b'\x10\x074\x1f\xbfU\x8ed\x18'}
2026-03-16T16:17:50.226661,04:59:95:6D:80:B3,-82,Unknown,
2026-03-16T16:17:50.261555,64:C9:4C:31:47:39,-78,Unknown,{76: b'\x10\x07=\x1f\x14\t\xb0\x058'}
2026-03-16T16:17:50.261835,7D:8D:0F:65:7D:6E,-76,Unknown,"{76: b'\x10\x07,\x1fG\xefa\x02X'}"
2026-03-16T16:17:50.261999,69:1F:A2:39:0A:62,-98,Unknown,{76: b'\x10\x06?\x1d\xaa\\LH'}
2026-03-16T16:17:50.283613,18:43:A3:D7:DE:35,-72,Unknown,
2026-03-16T16:17:50.283880,35:F7:D3:17:58:0D,-90,Unknown,"{6: b'\x01\x0f ""\xee\xcf3J\x91\x86\x8a\xaa\x84\x040\x91\x16\xf4\x12b\xee\x8afY\xfc!l'}"
2026-03-16T16:17:50.284109,32:55:BF:6F:C9:61,-86,Unknown,"{6: b'\x01\t ""7\xa7\x12\x83o9\x08\x03\xc5\x1a\xe0N\xe1\xb6\xe9Z\xa9Z^K\xed\xb7|'}"
2026-03-16T16:17:50.340269,6D:95:7A:E5:2E:90,-90,Unknown,{76: b'\x10\x06\x0f\x1da\x9b\xaax'}
2026-03-16T16:17:50.341586,62:D0:1D:87:C2:E0,-92,Unknown,"{76: b'\x10\x06)\x1e\x82\xc1\xad""'}"
2026-03-16T16:17:50.343045,40:B8:70:B5:21:6F,-64,Unknown,{76: b'\x10\x076\x1f\xe3ji\x9bX'}
2026-03-16T16:17:50.343473,E6:77:D0:70:5A:F2,-92,Unknown,"{76: b'\x12\x19=\xaf\xae\xb9(\x07\x19\xc7\xbb\xea\xb4\xdeIA\x9c\xa84\xb6Bu\xec}\xb2\x02""'}"
2026-03-16T16:17:50.392435,6D:1D:DF:AD:9A:CF,-88,Unknown,{76: b'\x10\x07w\x1fEx\x19M\xc8'}
2026-03-16T16:17:50.393202,3F:89:38:5D:A7:DE,-86,Unknown,
2026-03-16T16:17:50.393450,49:D8:C4:56:52:BC,-100,Unknown,{76: b'\x10\x074\x1f\x02p85\x18'}
2026-03-16T16:17:50.393806,4A:04:A6:AC:B4:BF,-72,Unknown,{76: b'\x10\x06\x03\x1d0\xd1s\x18'}
2026-03-16T16:17:50.446833,E6:77:D0:70:5A:F2,-84,Unknown,"{76: b'\x12\x19=\xaf\xae\xb9(\x07\x19\xc7\xbb\xea\xb4\xdeIA\x9c\xa84\xb6Bu\xec}\xb2\x02""'}"
2026-03-16T16:17:50.448163,4D:39:28:C6:A0:AD,-84,Unknown,{76: b'\x16\x08\x00\xd2\xb1\x07\xa8x\xe9K'}
2026-03-16T16:17:50.448847,D5:50:8F:E3:F8:57,-90,Unknown,{76: b'\x12\x02n\x03\x07\x11\x06J?1@\x0e\x06ouQ\xd3\xe7\xf7r\xf4\xff\xf8'}
2026-03-16T16:17:50.493312,7B:02:8A:8B:6C:9B,-76,Unknown,{76: b'\x10\x07\x1c\x1f\xa7Ed\xd2H'}
2026-03-16T16:17:50.493981,E6:77:D0:70:5A:F2,-84,Unknown,"{76: b'\x12\x19=\xaf\xae\xb9(\x07\x19\xc7\xbb\xea\xb4\xdeIA\x9c\xa84\xb6Bu\xec}\xb2\x02""'}"
2026-03-16T16:17:50.494250,E0:89:7E:7E:1F:45,-84,Unknown,{76: b'\x10\x05\t\x14\xa8H\xf9'}
2026-03-16T16:17:50.494609,66:1F:B6:80:98:D8,-86,Unknown,{76: b'\x10\x06\n\x1d\xcf\x1d*\x08'}
2026-03-16T16:17:50.524177,E6:77:D0:70:5A:F2,-88,Unknown,"{76: b'\x12\x19=\xaf\xae\xb9(\x07\x19\xc7\xbb\xea\xb4\xdeIA\x9c\xa84\xb6Bu\xec}\xb2\x02""'}"
2026-03-16T16:17:50.525248,7D:FA:74:CF:97:AC,-90,Unknown,{76: b'\x10\x074\x1f\xe6j\xf4Rh'}
2026-03-16T16:17:50.526379,35:F7:D3:17:58:0D,-94,Unknown,"{6: b'\x01\x0f ""\xee\xcf3J\x91\x86\x8a\xaa\x84\x040\x91\x16\xf4\x12b\xee\x8afY\xfc!l'}"
2026-03-16T16:17:50.526740,52:17:0E:A4:A6:91,-98,Unknown,{117: b'B\r\x01\x01\x01\x04\x01\x00\x00\x00\x00\x00\x00\x03\x00\x00\x00\x00\x00\x00\x00\x00\x00\x00'}
2026-03-16T16:17:50.526887,24:D8:29:A3:A4:CE,-78,Unknown,"{6: b'\x01\t ""\x15$i\x1e%\xf0\x9bm\x9c\xa6\x06\xce\x0c\xa7C\xdcE\x0c\xf2\xed\xe8\xe3\xfd'}"
2026-03-16T16:17:50.551189,E6:77:D0:70:5A:F2,-88,Unknown,"{76: b'\x12\x19=\xaf\xae\xb9(\x07\x19\xc7\xbb\xea\xb4\xdeIA\x9c\xa84\xb6Bu\xec}\xb2\x02""'}"
2026-03-16T16:17:50.551888,1D:2E:DB:89:E0:AC,-88,Unknown,
2026-03-16T16:17:50.552794,18:43:A3:D7:DE:35,-70,Unknown,
2026-03-16T16:17:50.553772,04:59:95:6D:80:B3,-82,Unknown,
2026-03-16T16:17:50.567035,76:32:5B:FC:99:F3,-74,Unknown,{76: b'\x10\x06\x08\x1d\xf5?\x918'}
2026-03-16T16:17:50.567759,7A:78:AB:CE:D9:A9,-88,Unknown,{76: b'\x10\x06\x0e\x1dy\xed\xb1\x18'}
2026-03-16T16:17:50.590996,32:55:BF:6F:C9:61,-88,Unknown,"{6: b'\x01\t ""7\xa7\x12\x83o9\x08\x03\xc5\x1a\xe0N\xe1\xb6\xe9Z\xa9Z^K\xed\xb7|'}"
2026-03-16T16:17:50.625056,3D:5D:8F:2A:E3:1C,-72,Unknown,
2026-03-16T16:17:50.625676,75:74:F6:1B:A3:F0,-70,Unknown,{76: b'\x01\x00\x00\x00\x00\x00\x00\x00\x00\x00\x00\x00\x00\x80\x00\x00\x00'}
2026-03-16T16:17:50.673072,49:D8:C4:56:52:BC,-94,Unknown,{76: b'\x10\x074\x1f\x02p85\x18'}
2026-03-16T16:17:50.673801,3F:89:38:5D:A7:DE,-78,Unknown,
2026-03-16T16:17:50.675845,3B:07:65:2C:C5:60,-94,Unknown,"{6: b'\x01\t ""\xa1\xd3\xc3\x83\xfay\x01\xc5\xad\xb7n\x1a7\xc8\x8fl\xa1r\xe7\xab\xdf-\xdd'}"
2026-03-16T16:17:50.699631,E8:93:26:2A:BB:2A,-96,Buds3 FE,{117: b'\x00?f?5Z\x00e\t\x17\x00\x03\x07'}
2026-03-16T16:17:50.778045,7D:FA:74:CF:97:AC,-96,Unknown,{76: b'\x10\x074\x1f\xe6j\xf4Rh'}
2026-03-16T16:17:50.779677,4E:37:4D:F9:CC:C5,-96,Unknown,{76: b'\x07\x19\x01\x1f +\x04\x80\x00\x12\xc4\x9b\xc3\x9c\xe5\xf4R\xf9\xb9\x01\x8d\x91\x0e\xee\xa2`4'}
2026-03-16T16:17:50.802589,5A:B9:05:5C:F8:FF,-96,Unknown,{49040: b'\xd9]&2\x00\x00'}
2026-03-16T16:17:50.803142,7D:8D:0F:65:7D:6E,-74,Unknown,"{76: b'\x10\x07,\x1fG\xefa\x02X'}"
2026-03-16T16:17:50.829022,6D:95:7A:E5:2E:90,-74,Unknown,{76: b'\x10\x06\x0f\x1da\x9b\xaax'}
2026-03-16T16:17:50.885051,66:68:87:27:63:E2,-94,Unknown,{76: b'\x10\x05\n\x98\xc0\xbcI'}
2026-03-16T16:17:50.886804,6D:1D:DF:AD:9A:CF,-80,Unknown,{76: b'\x10\x07w\x1fEx\x19M\xc8'}
2026-03-16T16:17:50.910647,3D:5D:8F:2A:E3:1C,-80,Unknown,
2026-03-16T16:17:50.911453,4A:04:A6:AC:B4:BF,-88,Unknown,{76: b'\x10\x06\x03\x1d0\xd1s\x18'}
2026-03-16T16:17:50.943618,00:00:00:00:00:00,-78,Unknown,
2026-03-16T16:17:50.944417,52:17:0E:A4:A6:91,-96,Unknown,{117: b'B\r\x01\x01\x01\x04\x01\x00\x00\x00\x00\x00\x00\x03\x00\x00\x00\x00\x00\x00\x00\x00\x00\x00'}
2026-03-16T16:17:50.945006,24:D8:29:A3:A4:CE,-80,Unknown,"{6: b'\x01\t ""\x15$i\x1e%\xf0\x9bm\x9c\xa6\x06\xce\x0c\xa7C\xdcE\x0c\xf2\xed\xe8\xe3\xfd'}"
2026-03-16T16:17:50.966909,7E:00:81:41:FA:B6,-86,LE_WF-C500,
2026-03-16T16:17:50.967187,4D:39:28:C6:A0:AD,-88,Unknown,{76: b'\x16\x08\x00\xd2\xb1\x07\xa8x\xe9K'}
2026-03-16T16:17:50.991258,4E:37:4D:F9:CC:C5,-96,Unknown,{76: b'\x07\x19\x01\x1f +\x04\x80\x00\x12\xc4\x9b\xc3\x9c\xe5\xf4R\xf9\xb9\x01\x8d\x91\x0e\xee\xa2`4'}
2026-03-16T16:17:50.991967,59:A9:2D:BF:32:4E,-76,Unknown,{76: b'\x10\x077\x1f7:V\xbbH'}
2026-03-16T16:17:50.992401,7B:02:8A:8B:6C:9B,-82,Unknown,{76: b'\x01\x00\x00\x00\x00\x00\x00\x00\x00\x00\x00\x00\x00\x80\x00\x00\x00'}
2026-03-16T16:17:51.019134,42:5C:3B:9B:48:4D,-92,Unknown,{76: b'\t\x08\x13v\n\x16!)\x1bX\x16\x08\x00\xca\xa4\xdc\xc2\x08s#'}
2026-03-16T16:17:51.020207,E6:77:D0:70:5A:F2,-92,Unknown,"{76: b'\x12\x19=\xaf\xae\xb9(\x07\x19\xc7\xbb\xea\xb4\xdeIA\x9c\xa84\xb6Bu\xec}\xb2\x02""'}"
2026-03-16T16:17:51.020515,35:F7:D3:17:58:0D,-86,Unknown,"{6: b'\x01\x0f ""\xee\xcf3J\x91\x86\x8a\xaa\x84\x040\x91\x16\xf4\x12b\xee\x8afY\xfc!l'}"
2026-03-16T16:17:51.072093,40:34:33:E3:5B:0D,-88,Unknown,{76: b'\x10\x075\x1b\x86\xc2\x1frx'}
2026-03-16T16:17:51.072798,53:F8:AD:FB:72:83,-68,Unknown,{76: b'\x01\x00\x00\x00\x00\x00\x00\x00\x00\x00\x00\x00\x00\x80\x00\x00\x00'}
2026-03-16T16:17:51.121098,64:C9:4C:31:47:39,-80,Unknown,{76: b'\x10\x07=\x1f\x14\t\xb0\x058'}
2026-03-16T16:17:51.121650,D4:84:AC:60:FC:9B,-76,Unknown,{76: b'\x12\x02\x00\x02'}
2026-03-16T16:17:51.122141,F7:3F:86:C2:8D:66,-86,Unknown,{76: b'\x12\x02\x00\x01'}
2026-03-16T16:17:51.122901,49:8D:9F:83:E2:E2,-96,Unknown,{76: b'\x10\x05\x07\x18&\xf0$'}
2026-03-16T16:17:51.182155,E6:77:D0:70:5A:F2,-90,Unknown,"{76: b'\x12\x19=\xaf\xae\xb9(\x07\x19\xc7\xbb\xea\xb4\xdeIA\x9c\xa84\xb6Bu\xec}\xb2\x02""'}"
2026-03-16T16:17:51.182650,24:D8:29:A3:A4:CE,-80,Unknown,"{6: b'\x01\t ""\x15$i\x1e%\xf0\x9bm\x9c\xa6\x06\xce\x0c\xa7C\xdcE\x0c\xf2\xed\xe8\xe3\xfd'}"
2026-03-16T16:17:51.183586,75:74:F6:1B:A3:F0,-74,Unknown,{76: b'\x01\x00\x00\x00\x00\x00\x00\x00\x00\x00\x00\x00\x00\x80\x00\x00\x00'}
2026-03-16T16:17:51.222289,E6:77:D0:70:5A:F2,-94,Unknown,"{76: b'\x12\x19=\xaf\xae\xb9(\x07\x19\xc7\xbb\xea\xb4\xdeIA\x9c\xa84\xb6Bu\xec}\xb2\x02""'}"
2026-03-16T16:17:51.223989,7E:80:54:3D:71:14,-90,Unknown,{76: b'\x10\x067\x1a-\x1b\xeb?'}
2026-03-16T16:17:51.225086,00:00:00:00:00:00,-90,Unknown,
2026-03-16T16:17:51.251285,7D:FA:74:CF:97:AC,-90,Unknown,{76: b'\x10\x074\x1f\xe6j\xf4Rh'}
2026-03-16T16:17:51.301147,CB:0A:25:89:21:F3,-90,Unknown,{76: b'\x12\x02\xae\x02\x07\x11\x06N\xe9\xa1\x00\x88I\xd1\xbe)\xd4dk\x9fk\x8ag'}
2026-03-16T16:17:51.301849,E0:89:7E:7E:1F:45,-84,Unknown,{76: b'\x10\x05\t\x14\xa8H\xf9'}
2026-03-16T16:17:51.354095,51:C8:37:83:2A:4A,-100,Unknown,{76: b'\x10\x074\x1f\xbfU\x8ed\x18'}
2026-03-16T16:17:51.354624,7D:8D:0F:65:7D:6E,-74,Unknown,"{76: b'\x10\x07,\x1fG\xefa\x02X'}"
2026-03-16T16:17:51.387196,3B:07:65:2C:C5:60,-94,Unknown,"{6: b'\x01\t ""\xa1\xd3\xc3\x83\xfay\x01\xc5\xad\xb7n\x1a7\xc8\x8fl\xa1r\xe7\xab\xdf-\xdd'}"
2026-03-16T16:17:51.387643,42:5C:3B:9B:48:4D,-96,Unknown,{76: b'\t\x08\x13v\n\x16!)\x1bX\x16\x08\x00\xca\xa4\xdc\xc2\x08s#'}
2026-03-16T16:17:51.388957,7A:78:AB:CE:D9:A9,-88,Unknown,{76: b'\x10\x06\x0e\x1dy\xed\xb1\x18'}
2026-03-16T16:17:51.444876,66:68:87:27:63:E2,-94,Unknown,{76: b'\x10\x05\n\x98\xc0\xbcI'}
2026-03-16T16:17:51.446182,62:D0:1D:87:C2:E0,-94,Unknown,"{76: b'\x10\x06)\x1e\x82\xc1\xad""'}"
2026-03-16T16:17:51.446678,F7:48:C9:B9:3B:C3,-70,Unknown,{76: b'\x12\x02\x00\x02'}
2026-03-16T16:17:51.446886,40:B8:70:B5:21:6F,-62,Unknown,{76: b'\x10\x076\x1f\xe3ji\x9bX'}
2026-03-16T16:17:51.489224,4F:29:00:D5:AE:DB,-94,Unknown,{18328: b'D\xae\xba\x0f\x00\x00'}
2026-03-16T16:17:51.543716,FF:1E:38:2A:8A:35,-94,Unknown,"{76: b'\x12\x02`\x00\x07\x11\x06\xb3\xd5\x80RR\xe8>\xf27\xb3j\x84\n\x0c\xef""'}"
2026-03-16T16:17:51.545141,E8:93:26:2A:BB:2A,-90,Buds3 FE,{117: b'B\t\x81\x02\x14\x15\x03!\x01I\xf7\x0c\x01\\\x06\xbc\xa4\xca\x00\x00\x00\x00\xd3\x00'}
2026-03-16T16:17:51.546008,00:00:00:00:00:00,-94,Unknown,
2026-03-16T16:17:51.546433,35:F7:D3:17:58:0D,-96,Unknown,"{6: b'\x01\x0f ""\xee\xcf3J\x91\x86\x8a\xaa\x84\x040\x91\x16\xf4\x12b\xee\x8afY\xfc!l'}"
2026-03-16T16:17:51.568036,59:A9:2D:BF:32:4E,-72,Unknown,{76: b'\x10\x077\x1f7:V\xbbH'}
2026-03-16T16:17:51.568733,24:D8:29:A3:A4:CE,-82,Unknown,"{6: b'\x01\t ""\x15$i\x1e%\xf0\x9bm\x9c\xa6\x06\xce\x0c\xa7C\xdcE\x0c\xf2\xed\xe8\xe3\xfd'}"
2026-03-16T16:17:51.594107,6D:1D:DF:AD:9A:CF,-84,Unknown,{76: b'\x10\x07{\x1fEx\x19M\xc8'}
2026-03-16T16:17:51.594606,51:C8:37:83:2A:4A,-96,Unknown,{76: b'\x01\x00\x00\x00\x00\x00\x00\x00\x00\x00\x00\x00\x00\x80\x00\x00\x00'}
2026-03-16T16:17:51.645373,64:C9:4C:31:47:39,-82,Unknown,{76: b'\x10\x07=\x1f\x14\t\xb0\x058'}
2026-03-16T16:17:51.646396,53:F8:AD:FB:72:83,-72,Unknown,{76: b'\x01\x00\x00\x00\x00\x00\x00\x00\x00\x00\x00\x00\x00\x80\x00\x00\x00'}
2026-03-16T16:17:51.649738,40:34:33:E3:5B:0D,-96,Unknown,{76: b'\x10\x075\x1b\x86\xc2\x1frx'}
2026-03-16T16:17:51.676901,7D:FA:74:CF:97:AC,-92,Unknown,{76: b'\x10\x074\x1f\xe6j\xf4Rh'}
2026-03-16T16:17:51.678775,66:CF:26:C9:48:00,-98,Unknown,"{117: b'\x02\x18a\xb1\xc7G\xc7L\xc2\x13,p\x1a\xa4\xb8\x0f~G;\x0eS\xbfM)'}"
2026-03-16T16:17:51.679358,D0:8C:32:9C:9F:EF,-74,Unknown,{76: b'\x12\x02\x00\x02'}
2026-03-16T16:17:51.679587,0F:02:D2:8E:8B:31,-68,Unknown,
2026-03-16T16:17:51.680016,E8:93:26:2A:BB:2A,-90,Buds3 FE,{117: b'B\t\x81\x02\x14\x15\x03!\x01I\xf7\x0c\x01\\\x06\xbc\xa4\xca\x00\x00\x00\x00\xd3\x00'}
2026-03-16T16:17:51.680261,2D:D7:76:63:C3:4A,-90,Unknown,"{6: b'\x01\x0f ""\xc4j \xe1;\x82b\xac\xca[\x03/\x81\x95\xb8\xef\x90\xa9\xe3[WW\xe0'}"
2026-03-16T16:17:51.701676,49:8D:9F:83:E2:E2,-96,Unknown,{76: b'\x10\x05\x07\x18&\xf0$'}
2026-03-16T16:17:51.702311,4D:39:28:C6:A0:AD,-86,Unknown,{76: b'\x16\x08\x00\xd2\xb1\x07\xa8x\xe9K'}
2026-03-16T16:17:51.726099,E6:77:D0:70:5A:F2,-86,Unknown,"{76: b'\x12\x19=\xaf\xae\xb9(\x07\x19\xc7\xbb\xea\xb4\xdeIA\x9c\xa84\xb6Bu\xec}\xb2\x02""'}"
2026-03-16T16:17:51.726681,75:74:F6:1B:A3:F0,-84,Unknown,{76: b'\x01\x00\x00\x00\x00\x00\x00\x00\x00\x00\x00\x00\x00\x80\x00\x00\x00'}
2026-03-16T16:17:51.776105,E6:77:D0:70:5A:F2,-94,Unknown,"{76: b'\x12\x19=\xaf\xae\xb9(\x07\x19\xc7\xbb\xea\xb4\xdeIA\x9c\xa84\xb6Bu\xec}\xb2\x02""'}"
2026-03-16T16:17:51.776753,42:5C:3B:9B:48:4D,-96,Unknown,{76: b'\t\x08\x13v\n\x16!)\x1bX\x16\x08\x00\xca\xa4\xdc\xc2\x08s#'}
2026-03-16T16:17:51.809154,E6:77:D0:70:5A:F2,-88,Unknown,"{76: b'\x12\x19=\xaf\xae\xb9(\x07\x19\xc7\xbb\xea\xb4\xdeIA\x9c\xa84\xb6Bu\xec}\xb2\x02""'}"
2026-03-16T16:17:51.810263,00:00:00:00:00:00,-80,Unknown,
2026-03-16T16:17:51.810780,7B:02:8A:8B:6C:9B,-80,Unknown,{76: b'\x01\x00\x00\x00\x00\x00\x00\x00\x00\x00\x00\x00\x00\x80\x00\x00\x00'}
2026-03-16T16:17:51.857123,25:A1:1F:B7:45:41,-84,Unknown,
2026-03-16T16:17:51.857671,E0:89:7E:7E:1F:45,-82,Unknown,{76: b'\x10\x05\t\x14\xa8H\xf9'}
2026-03-16T16:17:51.912151,5E:4A:E0:A3:A8:30,-78,Unknown,"{76: b'\x07\x19\x01\' ""\xfa\x8f\x12\x00\x06%F\xe2\xa9\x8a\x97_\xec\x8b\xde0\x8bX\xcf)\xeb'}"
2026-03-16T16:17:51.912884,D6:9D:9C:EA:82:BE,-84,Unknown,{76: b'\x12\x02\x00\x03'}
2026-03-16T16:17:51.913931,E6:77:D0:70:5A:F2,-84,Unknown,"{76: b'\x12\x19=\xaf\xae\xb9(\x07\x19\xc7\xbb\xea\xb4\xdeIA\x9c\xa84\xb6Bu\xec}\xb2\x02""'}"
2026-03-16T16:17:51.915030,69:1F:A2:39:0A:62,-94,Unknown,{76: b'\x10\x06?\x1d\xaa\\LH'}
2026-03-16T16:17:51.961351,E6:77:D0:70:5A:F2,-92,Unknown,"{76: b'\x12\x19=\xaf\xae\xb9(\x07\x19\xc7\xbb\xea\xb4\xdeIA\x9c\xa84\xb6Bu\xec}\xb2\x02""'}"
2026-03-16T16:17:51.961814,E8:93:26:2A:BB:2A,-94,Buds3 FE,{117: b'\x00?f?5Z\x00e\t\x17\x00\x03\x07'}
2026-03-16T16:17:51.962555,6D:95:7A:E5:2E:90,-78,Unknown,{76: b'\x10\x06\x0f\x1da\x9b\xaax'}
2026-03-16T16:17:51.992239,62:D0:1D:87:C2:E0,-90,Unknown,"{76: b'\x10\x06)\x1e\x82\xc1\xad""'}"
2026-03-16T16:17:51.993209,E6:77:D0:70:5A:F2,-82,Unknown,"{76: b'\x12\x19=\xaf\xae\xb9(\x07\x19\xc7\xbb\xea\xb4\xdeIA\x9c\xa84\xb6Bu\xec}\xb2\x02""'}"
2026-03-16T16:17:51.993441,7E:00:81:41:FA:B6,-88,LE_WF-C500,
2026-03-16T16:17:51.993605,2D:D7:76:63:C3:4A,-92,Unknown,"{6: b'\x01\x0f ""\xc4j \xe1;\x82b\xac\xca[\x03/\x81\x95\xb8\xef\x90\xa9\xe3[WW\xe0'}"
2026-03-16T16:17:52.043365,75:74:F6:1B:A3:F0,-70,Unknown,{76: b'\x10\x07d\x1f)\xa6h\xcf8'}
2026-03-16T16:17:52.043912,4A:04:A6:AC:B4:BF,-76,Unknown,{76: b'\x10\x06\x03\x1d0\xd1s\x18'}
2026-03-16T16:17:52.044190,E6:77:D0:70:5A:F2,-82,Unknown,"{76: b'\x12\x19=\xaf\xae\xb9(\x07\x19\xc7\xbb\xea\xb4\xdeIA\x9c\xa84\xb6Bu\xec}\xb2\x02""'}"
2026-03-16T16:17:52.098935,5E:4A:E0:A3:A8:30,-80,Unknown,"{76: b'\x07\x19\x01\' ""\xfa\x8f\x12\x00\x06%F\xe2\xa9\x8a\x97_\xec\x8b\xde0\x8bX\xcf)\xeb'}"
2026-03-16T16:17:52.099790,E6:77:D0:70:5A:F2,-86,Unknown,"{76: b'\x12\x19=\xaf\xae\xb9(\x07\x19\xc7\xbb\xea\xb4\xdeIA\x9c\xa84\xb6Bu\xec}\xb2\x02""'}"
2026-03-16T16:17:52.100524,52:17:0E:A4:A6:91,-98,Unknown,{117: b'B\r\x01\x01\x01\x04\x01\x00\x00\x00\x00\x00\x00\x03\x00\x00\x00\x00\x00\x00\x00\x00\x00\x00'}
2026-03-16T16:17:52.100898,4E:37:4D:F9:CC:C5,-96,Unknown,{76: b'\x07\x19\x01\x1f +\x04\x80\x00\x12\xc4\x9b\xc3\x9c\xe5\xf4R\xf9\xb9\x01\x8d\x91\x0e\xee\xa2`4'}
2026-03-16T16:17:52.117685,E6:77:D0:70:5A:F2,-92,Unknown,"{76: b'\x12\x19=\xaf\xae\xb9(\x07\x19\xc7\xbb\xea\xb4\xdeIA\x9c\xa84\xb6Bu\xec}\xb2\x02""'}"
2026-03-16T16:17:52.119519,4F:29:00:D5:AE:DB,-96,Unknown,{18328: b'D\xae\xba\x0f\x00\x00'}
2026-03-16T16:17:52.147875,E6:77:D0:70:5A:F2,-84,Unknown,"{76: b'\x12\x19=\xaf\xae\xb9(\x07\x19\xc7\xbb\xea\xb4\xdeIA\x9c\xa84\xb6Bu\xec}\xb2\x02""'}"
2026-03-16T16:17:52.148419,6D:1D:DF:AD:9A:CF,-82,Unknown,{76: b'\x10\x07{\x1fEx\x19M\xc8'}
2026-03-16T16:17:52.148970,66:1F:B6:80:98:D8,-82,Unknown,{76: b'\x10\x06\n\x1d\xcf\x1d*\x08'}
2026-03-16T16:17:52.175220,64:C9:4C:31:47:39,-80,Unknown,{76: b'\x10\x07=\x1f\x14\t\xb0\x058'}
2026-03-16T16:17:52.175816,E6:77:D0:70:5A:F2,-90,Unknown,"{76: b'\x12\x19=\xaf\xae\xb9(\x07\x19\xc7\xbb\xea\xb4\xdeIA\x9c\xa84\xb6Bu\xec}\xb2\x02""'}"
2026-03-16T16:17:52.176247,0B:BD:F6:DB:50:07,-66,Unknown,
2026-03-16T16:17:52.226223,69:1F:A2:39:0A:62,-94,Unknown,{76: b'\x10\x06?\x1d\xaa\\LH'}
2026-03-16T16:17:52.226683,76:32:5B:FC:99:F3,-70,Unknown,{76: b'\x10\x06\x08\x1d\xf5?\x918'}
2026-03-16T16:17:52.227251,E6:77:D0:70:5A:F2,-84,Unknown,"{76: b'\x12\x19=\xaf\xae\xb9(\x07\x19\xc7\xbb\xea\xb4\xdeIA\x9c\xa84\xb6Bu\xec}\xb2\x02""'}"
2026-03-16T16:17:52.227732,49:8D:9F:83:E2:E2,-96,Unknown,{76: b'\x10\x05\x07\x18&\xf0$'}
2026-03-16T16:17:52.270056,EA:8F:A5:C7:14:A6,-68,Unknown,{76: b'\x12\x02\x00\x00'}
2026-03-16T16:17:52.301266,24:D8:29:A3:A4:CE,-76,Unknown,"{6: b'\x01\t ""\x15$i\x1e%\xf0\x9bm\x9c\xa6\x06\xce\x0c\xa7C\xdcE\x0c\xf2\xed\xe8\xe3\xfd'}"
2026-03-16T16:17:52.359394,60:C9:0A:91:94:3E,-76,Unknown,{76: b'\x10\x06\x03\x1d\x95\xee\xcaH'}
2026-03-16T16:17:52.359929,52:17:0E:A4:A6:91,-102,Unknown,{117: b'B\r\x01\x01\x01\x04\x01\x00\x00\x00\x00\x00\x00\x03\x00\x00\x00\x00\x00\x00\x00\x00\x00\x00'}
2026-03-16T16:17:52.361902,7E:FF:17:E3:CF:34,-90,Unknown,"{117: b'\x02\x18a\xb1\xda\xaf=\xee\xe4.\xc72\x15\x0e\x96\x17\xf2\xac\xcc\xcb\xae!""t'}"
2026-03-16T16:17:52.362384,7B:02:8A:8B:6C:9B,-80,Unknown,{76: b'\x01\x00\x00\x00\x00\x00\x00\x00\x00\x00\x00\x00\x00\x80\x00\x00\x00'}
2026-03-16T16:17:52.458498,64:C9:4C:31:47:39,-96,Unknown,{76: b'\x10\x07=\x1f\x14\t\xb0\x058'}
2026-03-16T16:17:52.459723,0B:BD:F6:DB:50:07,-74,Unknown,
2026-03-16T16:17:52.489208,4E:37:4D:F9:CC:C5,-96,Unknown,{76: b'\x07\x19\x01\x1f +\x04\x80\x00\x12\xc4\x9b\xc3\x9c\xe5\xf4R\xf9\xb9\x01\x8d\x91\x0e\xee\xa2`4'}
2026-03-16T16:17:52.489715,35:F7:D3:17:58:0D,-96,Unknown,"{6: b'\x01\x0f ""\xee\xcf3J\x91\x86\x8a\xaa\x84\x040\x91\x16\xf4\x12b\xee\x8afY\xfc!l'}"
2026-03-16T16:17:52.490095,6D:95:7A:E5:2E:90,-76,Unknown,{76: b'\x10\x06\x0f\x1da\x9b\xaax'}
2026-03-16T16:17:52.511151,E6:77:D0:70:5A:F2,-84,Unknown,"{76: b'\x12\x19=\xaf\xae\xb9(\x07\x19\xc7\xbb\xea\xb4\xdeIA\x9c\xa84\xb6Bu\xec}\xb2\x02""'}"
2026-03-16T16:17:52.511573,66:68:87:27:63:E2,-94,Unknown,{76: b'\x10\x05\n\x98\xc0\xbcI'}
2026-03-16T16:17:52.582150,75:74:F6:1B:A3:F0,-74,Unknown,{76: b'\x10\x07d\x1f)\xa6h\xcf8'}
2026-03-16T16:17:52.582634,7D:FA:74:CF:97:AC,-94,Unknown,{76: b'\x10\x074\x1f\xe6j\xf4Rh'}
2026-03-16T16:17:52.583343,32:55:BF:6F:C9:61,-86,Unknown,"{6: b'\x01\t ""7\xa7\x12\x83o9\x08\x03\xc5\x1a\xe0N\xe1\xb6\xe9Z\xa9Z^K\xed\xb7|'}"
2026-03-16T16:17:52.584039,5D:ED:0F:F9:BC:2F,-96,Unknown,{117: b'\x02\x18\xaa\x00b\xc0\t\x8d\x07/\x83y\xf8!\x10#xE\xb9]&\xee\x1c\xe8\x0b7v\x98\xe0\xc6\x84\x87\x84\x85/\x82\x95\xa4hM\xec\xe9\x96\xf1\xa2\x01\xce\x07\x12\x1d\xff'}
2026-03-16T16:17:52.637200,3D:5D:8F:2A:E3:1C,-80,Unknown,
2026-03-16T16:17:52.637987,7B:02:8A:8B:6C:9B,-80,Unknown,{76: b'\x01\x00\x00\x00\x00\x00\x00\x00\x00\x00\x00\x00\x00\x80\x00\x00\x00'}
2026-03-16T16:17:52.638241,04:59:95:6D:80:B3,-80,Unknown,
2026-03-16T16:17:52.678323,E6:77:D0:70:5A:F2,-84,Unknown,"{76: b'\x12\x19=\xaf\xae\xb9(\x07\x19\xc7\xbb\xea\xb4\xdeIA\x9c\xa84\xb6Bu\xec}\xb2\x02""'}"
2026-03-16T16:17:52.679188,42:5C:3B:9B:48:4D,-90,Unknown,{76: b'\t\x08\x13v\n\x16!)\x1bX\x16\x08\x00\xca\xa4\xdc\xc2\x08s#'}
2026-03-16T16:17:52.679732,5E:2A:06:12:53:CD,-96,Unknown,"{117: b""\x02\x18\xaa\x00a\x80\x03\xdd'\xaf\xaby\xf8!\x10\x1e\xe6\xc4\xeb\x90\rX@\xff\x9f\x08\x9as<7Z\x06\x8e\x03I\x1e;\xb9\x01\rX\x80<\xe1\xb2 ""}"
2026-03-16T16:17:52.738474,E6:77:D0:70:5A:F2,-88,Unknown,"{76: b'\x12\x19=\xaf\xae\xb9(\x07\x19\xc7\xbb\xea\xb4\xdeIA\x9c\xa84\xb6Bu\xec}\xb2\x02""'}"
2026-03-16T16:17:52.739397,53:F8:AD:FB:72:83,-70,Unknown,{76: b'\x01\x00\x00\x00\x00\x00\x00\x00\x00\x00\x00\x00\x00\x80\x00\x00\x00'}
2026-03-16T16:17:52.740328,7E:00:81:41:FA:B6,-86,LE_WF-C500,
2026-03-16T16:17:52.765579,E6:77:D0:70:5A:F2,-84,Unknown,"{76: b'\x12\x19=\xaf\xae\xb9(\x07\x19\xc7\xbb\xea\xb4\xdeIA\x9c\xa84\xb6Bu\xec}\xb2\x02""'}"
2026-03-16T16:17:52.766900,0B:BD:F6:DB:50:07,-66,Unknown,
2026-03-16T16:17:52.767560,6D:95:7A:E5:2E:90,-78,Unknown,{76: b'\x10\x06\x0f\x1da\x9b\xaax'}
2026-03-16T16:17:52.767815,DE:43:95:71:B4:09,-68,Unknown,{76: b'\x07\x11\x06`\x80xO\xdd\x87\x82\xc5\xfa\x07\xc3\xe66\x05-\x1a'}
2026-03-16T16:17:52.815731,D1:54:AF:D7:E5:2A,-80,Unknown,{76: b'\x07\x11\x063w\xda\xa3\x15\xee\xee\xc9\x91\xb6\xd2\xbc\x16\x97L\x04'}
2026-03-16T16:17:52.816019,6E:B3:CA:B1:E4:9B,-82,Unknown,{76: b'\x10\x05\r\x18q+\xd0'}
2026-03-16T16:17:52.895223,E6:77:D0:70:5A:F2,-84,Unknown,"{76: b'\x12\x19=\xaf\xae\xb9(\x07\x19\xc7\xbb\xea\xb4\xdeIA\x9c\xa84\xb6Bu\xec}\xb2\x02""'}"
2026-03-16T16:17:52.896086,60:C9:0A:91:94:3E,-74,Unknown,{76: b'\x10\x06\x03\x1d\x95\xee\xcaH'}
2026-03-16T16:17:52.896349,25:A1:1F:B7:45:41,-84,Unknown,
2026-03-16T16:17:52.945323,E6:77:D0:70:5A:F2,-80,Unknown,"{76: b'\x12\x19=\xaf\xae\xb9(\x07\x19\xc7\xbb\xea\xb4\xdeIA\x9c\xa84\xb6Bu\xec}\xb2\x02""'}"
2026-03-16T16:17:52.972569,E0:89:7E:7E:1F:45,-84,Unknown,{76: b'\x10\x05\t\x14\xa8H\xf9'}
2026-03-16T16:17:52.973010,E6:77:D0:70:5A:F2,-84,Unknown,"{76: b'\x12\x19=\xaf\xae\xb9(\x07\x19\xc7\xbb\xea\xb4\xdeIA\x9c\xa84\xb6Bu\xec}\xb2\x02""'}"
2026-03-16T16:17:52.973545,6D:1D:DF:AD:9A:CF,-84,Unknown,{76: b'\x10\x07{\x1fEx\x19M\xc8'}
2026-03-16T16:17:53.022607,66:1F:B6:80:98:D8,-88,Unknown,{76: b'\x10\x06\n\x1d\xcf\x1d*\x08'}
2026-03-16T16:17:53.023280,E6:77:D0:70:5A:F2,-90,Unknown,"{76: b'\x12\x19=\xaf\xae\xb9(\x07\x19\xc7\xbb\xea\xb4\xdeIA\x9c\xa84\xb6Bu\xec}\xb2\x02""'}"
2026-03-16T16:17:53.023549,76:32:5B:FC:99:F3,-74,Unknown,{76: b'\x10\x06\x08\x1d\xf5?\x918'}
2026-03-16T16:17:53.075403,5D:ED:0F:F9:BC:2F,-92,Unknown,{117: b'\x02\x18\xaa\x00b\xc0\t\x8d\x07/\x83y\xf8!\x10#xE\xb9]&\xee\x1c\xe8\x0b7v\x98\xe0\xc6\x84\x87\x84\x85/\x82\x95\xa4hM\xec\xe9\x96\xf1\xa2\x01\xce\x07\x12\x1d\xff'}
2026-03-16T16:17:53.097621,E6:77:D0:70:5A:F2,-92,Unknown,"{76: b'\x12\x19=\xaf\xae\xb9(\x07\x19\xc7\xbb\xea\xb4\xdeIA\x9c\xa84\xb6Bu\xec}\xb2\x02""'}"
2026-03-16T16:17:53.098176,D4:84:AC:60:FC:9B,-86,Unknown,{76: b'\x12\x02\x00\x02'}
2026-03-16T16:17:53.098308,F7:3F:86:C2:8D:66,-82,Unknown,{76: b'\x12\x02\x00\x01'}
2026-03-16T16:17:53.187584,E6:77:D0:70:5A:F2,-82,Unknown,"{76: b'\x12\x19=\xaf\xae\xb9(\x07\x19\xc7\xbb\xea\xb4\xdeIA\x9c\xa84\xb6Bu\xec}\xb2\x02""'}"
2026-03-16T16:17:53.187841,7E:FF:17:E3:CF:34,-96,Unknown,{117: b'\xc9\x7f\xd8\x1f\xe0\xc3'}
2026-03-16T16:17:53.235740,7B:02:8A:8B:6C:9B,-90,Unknown,{76: b'\x10\x07\x1c\x1f\xa7Ed\xd2H'}
2026-03-16T16:17:53.236003,E6:77:D0:70:5A:F2,-88,Unknown,"{76: b'\x12\x19=\xaf\xae\xb9(\x07\x19\xc7\xbb\xea\xb4\xdeIA\x9c\xa84\xb6Bu\xec}\xb2\x02""'}"
2026-03-16T16:17:53.236168,4E:37:4D:F9:CC:C5,-96,Unknown,{76: b'\x07\x19\x01\x1f +\x04\x80\x00\x12\xc4\x9b\xc3\x9c\xe5\xf4R\xf9\xb9\x01\x8d\x91\x0e\xee\xa2`4'}
2026-03-16T16:17:53.285994,E6:77:D0:70:5A:F2,-82,Unknown,"{76: b'\x12\x19=\xaf\xae\xb9(\x07\x19\xc7\xbb\xea\xb4\xdeIA\x9c\xa84\xb6Bu\xec}\xb2\x02""'}"
2026-03-16T16:17:53.286271,F3:43:F8:27:76:25,-90,Inspire 3,
2026-03-16T16:17:53.286559,CB:0A:25:89:21:F3,-94,Unknown,{76: b'\x12\x02\xae\x02\x07\x11\x06N\xe9\xa1\x00\x88I\xd1\xbe)\xd4dk\x9fk\x8ag'}
2026-03-16T16:17:53.286783,64:C9:4C:31:47:39,-80,Unknown,{76: b'\x10\x07=\x1f\x14\t\xb0\x058'}
2026-03-16T16:17:53.312398,53:F8:AD:FB:72:83,-72,Unknown,{76: b'\x01\x00\x00\x00\x00\x00\x00\x00\x00\x00\x00\x00\x00\x80\x00\x00\x00'}
2026-03-16T16:17:53.313103,0B:BD:F6:DB:50:07,-72,Unknown,
2026-03-16T16:17:53.367482,4F:29:00:D5:AE:DB,-92,Unknown,{18328: b'D\xae\xba\x0f\x00\x00'}
2026-03-16T16:17:53.368024,62:D0:1D:87:C2:E0,-92,Unknown,"{76: b'\x10\x06)\x1e\x82\xc1\xad""'}"
2026-03-16T16:17:53.368243,6E:B3:CA:B1:E4:9B,-84,Unknown,{76: b'\x10\x05\r\x18q+\xd0'}
2026-03-16T16:17:53.385653,66:68:87:27:63:E2,-98,Unknown,{76: b'\x10\x05\n\x98\xc0\xbcI'}
2026-03-16T16:17:53.412217,4E:37:4D:F9:CC:C5,-94,Unknown,{76: b'\x07\x19\x01\x1f +\x04\x80\x00\x12\xc4\x9b\xc3\x9c\xe5\xf4R\xf9\xb9\x01\x8d\x91\x0e\xee\xa2`4'}
2026-03-16T16:17:53.413031,E6:2E:78:10:55:B2,-76,Unknown,{76: b'\x12\x02\x00\x01'}
2026-03-16T16:17:53.437560,60:C9:0A:91:94:3E,-74,Unknown,{76: b'\x10\x06\x03\x1d\x95\xee\xcaH'}
2026-03-16T16:17:53.438065,F7:48:C9:B9:3B:C3,-72,Unknown,{76: b'\x12\x02\x00\x02'}
2026-03-16T16:17:53.470350,E8:93:26:2A:BB:2A,-94,Buds3 FE,{117: b'\x00?f?5Z\x00e\t\x17\x00\x03\x07'}
2026-03-16T16:17:53.526268,59:A9:2D:BF:32:4E,-74,Unknown,{76: b'\x10\x077\x1f7:V\xbbH'}
2026-03-16T16:17:53.527302,3D:5D:8F:2A:E3:1C,-68,Unknown,
2026-03-16T16:17:53.527903,7E:00:81:41:FA:B6,-86,LE_WF-C500,
2026-03-16T16:17:53.528270,6D:1D:DF:AD:9A:CF,-78,Unknown,{76: b'\x10\x07{\x1fEx\x19M\xc8'}
2026-03-16T16:17:53.550688,5E:4A:E0:A3:A8:30,-82,Unknown,"{76: b'\x07\x19\x01\' ""\xfa\x8f\x12\x00\x06%F\xe2\xa9\x8a\x97_\xec\x8b\xde0\x8bX\xcf)\xeb'}"
2026-03-16T16:17:53.551551,69:1F:A2:39:0A:62,-94,Unknown,{76: b'\x10\x06?\x1d\xaa\\LH'}
2026-03-16T16:17:53.579339,40:34:33:E3:5B:0D,-94,Unknown,{76: b'\x10\x075\x1b\x86\xc2\x1frx'}
2026-03-16T16:17:53.579885,53:F8:AD:FB:72:83,-72,Unknown,{76: b'\x01\x00\x00\x00\x00\x00\x00\x00\x00\x00\x00\x00\x00\x80\x00\x00\x00'}
2026-03-16T16:17:53.580306,4E:37:4D:F9:CC:C5,-92,Unknown,{76: b'\x07\x19\x01\x1f +\x04\x80\x00\x12\xc4\x9b\xc3\x9c\xe5\xf4R\xf9\xb9\x01\x8d\x91\x0e\xee\xa2`4'}
2026-03-16T16:17:53.580563,6D:95:7A:E5:2E:90,-72,Unknown,{76: b'\x10\x06\x0f\x1da\x9b\xaax'}
2026-03-16T16:17:53.629251,7A:78:AB:CE:D9:A9,-84,Unknown,{76: b'\x10\x06\x0e\x1dy\xed\xb1\x18'}
2026-03-16T16:17:53.629909,4F:29:00:D5:AE:DB,-92,Unknown,{18328: b'D\xae\xba\x0f\x00\x00'}
2026-03-16T16:17:53.630865,40:B8:70:B5:21:6F,-78,Unknown,{76: b'\x10\x076\x1f\xe3ji\x9bX'}
2026-03-16T16:17:53.654297,1D:2E:DB:89:E0:AC,-90,Unknown,
2026-03-16T16:17:53.655009,D0:8C:32:9C:9F:EF,-74,Unknown,{76: b'\x12\x02\x00\x02'}
2026-03-16T16:17:53.655750,2D:D7:76:63:C3:4A,-86,Unknown,"{6: b'\x01\x0f ""\xc4j \xe1;\x82b\xac\xca[\x03/\x81\x95\xb8\xef\x90\xa9\xe3[WW\xe0'}"
2026-03-16T16:17:53.728229,7E:80:54:3D:71:14,-96,Unknown,{76: b'\x10\x067\x1a-\x1b\xeb?'}
2026-03-16T16:17:53.728951,7B:02:8A:8B:6C:9B,-86,Unknown,{76: b'\x01\x00\x00\x00\x00\x00\x00\x00\x00\x00\x00\x00\x00\x80\x00\x00\x00'}
2026-03-16T16:17:53.757508,E0:89:7E:7E:1F:45,-86,Unknown,{76: b'\x10\x05\t\x14\xa8H\xf9'}
2026-03-16T16:17:53.758075,24:D8:29:A3:A4:CE,-80,Unknown,"{6: b'\x01\t ""\x15$i\x1e%\xf0\x9bm\x9c\xa6\x06\xce\x0c\xa7C\xdcE\x0c\xf2\xed\xe8\xe3\xfd'}"
2026-03-16T16:17:53.813659,64:C9:4C:31:47:39,-76,Unknown,{76: b'\x10\x07=\x1f\x14\t\xb0\x058'}
2026-03-16T16:17:53.813950,66:1F:B6:80:98:D8,-92,Unknown,{76: b'\x10\x06\n\x1d\xcf\x1d*\x08'}
2026-03-16T16:17:53.830822,6D:1D:DF:AD:9A:CF,-78,Unknown,{76: b'\x10\x07{\x1fEx\x19M\xc8'}
2026-03-16T16:17:53.885309,53:F8:AD:FB:72:83,-74,Unknown,{76: b'\x10\x07<\x1f1eN\xaf\x18'}
2026-03-16T16:17:53.885715,04:59:95:6D:80:B3,-78,Unknown,
2026-03-16T16:17:53.915452,66:68:87:27:63:E2,-88,Unknown,{76: b'\x10\x05\n\x98\xc0\xbcI'}
2026-03-16T16:17:53.915913,5E:4A:E0:A3:A8:30,-90,Unknown,"{76: b'\x07\x19\x01\' ""\xfa\x8f\x12\x00\x06%F\xe2\xa9\x8a\x97_\xec\x8b\xde0\x8bX\xcf)\xeb'}"
2026-03-16T16:17:53.916087,FD:5C:21:02:09:4E,-96,Unknown,{76: b'\x12\x02\x00\x03'}
2026-03-16T16:17:53.992555,49:8D:9F:83:E2:E2,-96,Unknown,{76: b'\x10\x05\x07\x18&\xf0$'}
2026-03-16T16:17:53.993103,60:C9:0A:91:94:3E,-74,Unknown,{76: b'\x10\x06\x03\x1d\x95\xee\xcaH'}
2026-03-16T16:17:54.020460,18:43:A3:D7:DE:35,-68,Unknown,
2026-03-16T16:17:54.021430,59:A9:2D:BF:32:4E,-76,Unknown,{76: b'\x10\x077\x1f7:V\xbbH'}
2026-03-16T16:17:54.021632,57:8F:A8:E8:41:CD,-96,Unknown,{76: b'\x10\x075\x1f\x12\xe6d\xb3x'}
2026-03-16T16:17:54.041494,E0:89:7E:7E:1F:45,-84,Unknown,{76: b'\x10\x05\t\x14\xa8H\xf9'}
2026-03-16T16:17:54.042225,35:F7:D3:17:58:0D,-86,Unknown,"{6: b'\x01\x0f ""\xee\xcf3J\x91\x86\x8a\xaa\x84\x040\x91\x16\xf4\x12b\xee\x8afY\xfc!l'}"
2026-03-16T16:17:54.093214,6D:1D:DF:AD:9A:CF,-84,Unknown,{76: b'\x10\x07{\x1fEx\x19M\xc8'}
2026-03-16T16:17:54.125500,7D:8D:0F:65:7D:6E,-72,Unknown,"{76: b'\x10\x07,\x1fG\xefa\x02X'}"
2026-03-16T16:17:54.126145,6D:95:7A:E5:2E:90,-72,Unknown,{76: b'\x10\x06\x0f\x1da\x9b\xaax'}
2026-03-16T16:17:54.126393,53:F8:AD:FB:72:83,-70,Unknown,{76: b'\x01\x00\x00\x00\x00\x00\x00\x00\x00\x00\x00\x00\x00\x80\x00\x00\x00'}
2026-03-16T16:17:54.179561,62:D0:1D:87:C2:E0,-90,Unknown,"{76: b'\x10\x06)\x1e\x82\xc1\xad""'}"
2026-03-16T16:17:54.180200,40:B8:70:B5:21:6F,-86,Unknown,{76: b'\x10\x076\x1f\xe3ji\x9bX'}
2026-03-16T16:17:54.180387,04:59:95:6D:80:B3,-78,Unknown,
2026-03-16T16:17:54.180525,E1:82:B5:65:BA:26,-96,Unknown,{76: b'\x12\x02%\x02'}
2026-03-16T16:17:54.254202,18:43:A3:D7:DE:35,-80,Unknown,
2026-03-16T16:17:54.289338,7E:00:81:41:FA:B6,-84,LE_WF-C500,
2026-03-16T16:17:54.289942,EA:8F:A5:C7:14:A6,-74,Unknown,{76: b'\x12\x02\x00\x00'}
2026-03-16T16:17:54.290292,7B:02:8A:8B:6C:9B,-82,Unknown,{76: b'\x01\x00\x00\x00\x00\x00\x00\x00\x00\x00\x00\x00\x00\x80\x00\x00\x00'}
2026-03-16T16:17:54.290643,47:CD:A2:34:96:64,-92,Unknown,{117: b'\xdc\x0c`\xf0\xd1)\xe5\x1f\xf1\n\x0e\x14c\xd5\x93\xb3\xcf3V'}
2026-03-16T16:17:54.357560,4E:37:4D:F9:CC:C5,-96,Unknown,{76: b'\x07\x19\x01\x1f +\x04\x80\x00\x12\xc4\x9b\xc3\x9c\xe5\xf4R\xf9\xb9\x01\x8d\x91\x0e\xee\xa2`4'}
2026-03-16T16:17:54.358366,DC:4B:F2:2D:53:B0,-96,Unknown,{76: b'\x12\x02\x00\x02'}
2026-03-16T16:17:54.411645,64:C9:4C:31:47:39,-78,Unknown,{76: b'\x10\x07=\x1f\x14\t\xb0\x058'}
2026-03-16T16:17:54.411994,76:32:5B:FC:99:F3,-70,Unknown,{76: b'\x10\x06\x08\x1d\xf5?\x918'}
2026-03-16T16:17:54.463478,6D:95:7A:E5:2E:90,-82,Unknown,{76: b'\x10\x06\x0f\x1da\x9b\xaax'}
2026-03-16T16:17:54.464376,5E:4A:E0:A3:A8:30,-80,Unknown,"{76: b'\x07\x19\x01\' ""\xfa\x8f\x12\x00\x06%F\xe2\xa9\x8a\x97_\xec\x8b\xde0\x8bX\xcf)\xeb'}"
2026-03-16T16:17:54.464659,DA:29:45:1C:60:5B,-88,Unknown,{76: b'\x12\x02\x00\x03'}
2026-03-16T16:17:54.517489,E8:93:26:2A:BB:2A,-94,Buds3 FE,{117: b'B\t\x81\x02\x14\x15\x03!\x01I\xf7\x0c\x01\\\x06\xbc\xa4\xca\x00\x00\x00\x00\xd3\x00'}
2026-03-16T16:17:54.518004,7E:80:54:3D:71:14,-94,Unknown,{76: b'\x10\x067\x1a-\x1b\xeb?'}
2026-03-16T16:17:54.545600,4E:37:4D:F9:CC:C5,-94,Unknown,{76: b'\x07\x19\x01\x1f +\x04\x80\x00\x12\xc4\x9b\xc3\x9c\xe5\xf4R\xf9\xb9\x01\x8d\x91\x0e\xee\xa2`4'}
2026-03-16T16:17:54.546121,18:43:A3:D7:DE:35,-78,Unknown,
2026-03-16T16:17:54.546451,F3:43:F8:27:76:25,-96,Inspire 3,
2026-03-16T16:17:54.577675,4F:29:00:D5:AE:DB,-94,Unknown,{18328: b'D\xae\xba\x0f\x00\x00'}
2026-03-16T16:17:54.578150,E0:89:7E:7E:1F:45,-82,Unknown,{76: b'\x10\x05\t\x14\xa8H\xf9'}
2026-03-16T16:17:54.578708,59:A9:2D:BF:32:4E,-74,Unknown,{76: b'\x10\x077\x1f7:V\xbbH'}
2026-03-16T16:17:54.578983,35:F7:D3:17:58:0D,-84,Unknown,"{6: b'\x01\x0f ""\xee\xcf3J\x91\x86\x8a\xaa\x84\x040\x91\x16\xf4\x12b\xee\x8afY\xfc!l'}"
2026-03-16T16:17:54.579150,07:79:C4:6F:3C:C4,-96,Unknown,"{6: b'\x01\t ""\x06@\xd6,L\xbcn\xb7\xe8\xa05\xce\xa4z\xe8q|3\xc0\xbd8SQ'}"
2026-03-16T16:17:54.622436,E8:93:26:2A:BB:2A,-94,Buds3 FE,{117: b'B\t\x81\x02\x14\x15\x03!\x01I\xf7\x0c\x01\\\x06\xbc\xa4\xca\x00\x00\x00\x00\xd3\x00'}
2026-03-16T16:17:54.647310,6D:1D:DF:AD:9A:CF,-84,Unknown,{76: b'\x10\x07{\x1fEx\x19M\xc8'}
2026-03-16T16:17:54.648148,EF:B8:71:4B:6A:EC,-96,Unknown,{76: b'\x12\x02\x00\x03'}
2026-03-16T16:17:54.677282,5E:4A:E0:A3:A8:30,-82,Unknown,"{76: b'\x07\x19\x01\' ""\xfa\x8f\x12\x00\x06%F\xe2\xa9\x8a\x97_\xec\x8b\xde0\x8bX\xcf)\xeb'}"
2026-03-16T16:17:54.677843,00:00:00:00:00:00,-82,Unknown,
2026-03-16T16:17:54.780375,4E:37:4D:F9:CC:C5,-92,Unknown,{76: b'\x07\x19\x01\x1f +\x04\x80\x00\x12\xc4\x9b\xc3\x9c\xe5\xf4R\xf9\xb9\x01\x8d\x91\x0e\xee\xa2`4'}
2026-03-16T16:17:54.780850,4A:04:A6:AC:B4:BF,-80,Unknown,{76: b'\x10\x06\x03\x1d0\xd1s\x18'}
2026-03-16T16:17:54.781494,60:C9:0A:91:94:3E,-76,Unknown,{76: b'\x10\x06\x03\x1d\x95\xee\xcaH'}
2026-03-16T16:17:54.835932,18:43:A3:D7:DE:35,-76,Unknown,
2026-03-16T16:17:54.836889,7B:02:8A:8B:6C:9B,-74,Unknown,{76: b'\x10\x07\x1c\x1f\xa7Ed\xd2H'}
2026-03-16T16:17:54.918650,5E:4A:E0:A3:A8:30,-82,Unknown,"{76: b'\x07\x19\x01\' ""\xfa\x8f\x12\x00\x06%F\xe2\xa9\x8a\x97_\xec\x8b\xde0\x8bX\xcf)\xeb'}"
2026-03-16T16:17:54.919017,66:1F:B6:80:98:D8,-82,Unknown,{76: b'\x10\x06\n\x1d\xcf\x1d*\x08'}
2026-03-16T16:17:54.919222,66:CF:26:C9:48:00,-98,Unknown,"{117: b'\x02\x18a\xb1\xc7G\xc7L\xc2\x13,p\x1a\xa4\xb8\x0f~G;\x0eS\xbfM)'}"
2026-03-16T16:17:54.919407,64:C9:4C:31:47:39,-88,Unknown,{76: b'\x10\x07=\x1f\x14\t\xb0\x058'}
2026-03-16T16:17:54.936550,3D:5D:8F:2A:E3:1C,-76,Unknown,
2026-03-16T16:17:54.937121,69:1F:A2:39:0A:62,-94,Unknown,{76: b'\x10\x06?\x1d\xaa\\LH'}
2026-03-16T16:17:54.961292,76:32:5B:FC:99:F3,-74,Unknown,{76: b'\x10\x06\x08\x1d\xf5?\x918'}
2026-03-16T16:17:54.962024,62:D0:1D:87:C2:E0,-92,Unknown,"{76: b'\x10\x06)\x1e\x82\xc1\xad""'}"
2026-03-16T16:17:55.018544,5E:4A:E0:A3:A8:30,-90,Unknown,"{76: b'\x07\x19\x01\' ""\xfa\x8f\x12\x00\x06%F\xe2\xa9\x8a\x97_\xec\x8b\xde0\x8bX\xcf)\xeb'}"
2026-03-16T16:17:55.019000,5E:2A:06:12:53:CD,-92,Unknown,"{117: b""\x02\x18\xaa\x00a\x80\x03\xdd'\xaf\xaby\xf8!\x10\x1e\xe6\xc4\xeb\x90\rX@\xff\x9f\x08\x9as<7Z\x06\x8e\x03I\x1e;\xb9\x01\rX\x80<\xe1\xb2 ""}"
2026-03-16T16:17:55.068363,49:D8:C4:56:52:BC,-94,Unknown,{76: b'\x10\x074\x1f\x02p85\x18'}
2026-03-16T16:17:55.090423,4E:37:4D:F9:CC:C5,-94,Unknown,{76: b'\x07\x19\x01\x1f +\x04\x80\x00\x12\xc4\x9b\xc3\x9c\xe5\xf4R\xf9\xb9\x01\x8d\x91\x0e\xee\xa2`4'}
2026-03-16T16:17:55.121523,75:74:F6:1B:A3:F0,-80,Unknown,{76: b'\x10\x07 \x1f)\xa6h\xcf8'}
2026-03-16T16:17:55.121984,59:A9:2D:BF:32:4E,-76,Unknown,{76: b'\x10\x077\x1f7:V\xbbH'}
2026-03-16T16:17:55.124843,3B:07:65:2C:C5:60,-92,Unknown,"{6: b'\x01\t ""\xa1\xd3\xc3\x83\xfay\x01\xc5\xad\xb7n\x1a7\xc8\x8fl\xa1r\xe7\xab\xdf-\xdd'}"
2026-03-16T16:17:55.147491,E8:93:26:2A:BB:2A,-94,Buds3 FE,{117: b'B\t\x81\x02\x14\x15\x03!\x01I\xf7\x0c\x01\\\x06\xbc\xa4\xca\x00\x00\x00\x00\xd3\x00'}
2026-03-16T16:17:55.207422,4F:29:00:D5:AE:DB,-92,Unknown,{18328: b'D\xae\xba\x0f\x00\x00'}
2026-03-16T16:17:55.207815,35:F7:D3:17:58:0D,-84,Unknown,"{6: b'\x01\x0f ""\xee\xcf3J\x91\x86\x8a\xaa\x84\x040\x91\x16\xf4\x12b\xee\x8afY\xfc!l'}"
2026-03-16T16:17:55.208042,5E:4A:E0:A3:A8:30,-88,Unknown,"{76: b'\x07\x19\x01\' ""\xfa\x8f\x12\x00\x06%F\xe2\xa9\x8a\x97_\xec\x8b\xde0\x8bX\xcf)\xeb'}"
2026-03-16T16:17:55.208238,7D:8D:0F:65:7D:6E,-72,Unknown,"{76: b'\x10\x07,\x1fG\xefa\x02X'}"
2026-03-16T16:17:55.209863,3D:5D:8F:2A:E3:1C,-80,Unknown,
2026-03-16T16:17:55.253599,00:00:00:00:00:00,-72,Unknown,
2026-03-16T16:17:55.308447,40:B8:70:B5:21:6F,-76,Unknown,{76: b'\x10\x076\x1f\xe3ji\x9bX'}
2026-03-16T16:17:55.309249,7E:00:81:41:FA:B6,-86,LE_WF-C500,
2026-03-16T16:17:55.359921,0B:BD:F6:DB:50:07,-74,Unknown,
2026-03-16T16:17:55.360347,7D:FA:74:CF:97:AC,-88,Unknown,{76: b'\x10\x074\x1f\xe6j\xf4Rh'}
2026-03-16T16:17:55.360448,7E:FF:17:E3:CF:34,-98,Unknown,"{117: b'\x02\x18a\xb1\xda\xaf=\xee\xe4.\xc72\x15\x0e\x96\x17\xf2\xac\xcc\xcb\xae!""t'}"
2026-03-16T16:17:55.360629,4D:39:28:C6:A0:AD,-84,Unknown,{76: b'\x16\x08\x00\xd2\xb1\x07\xa8x\xe9K'}
2026-03-16T16:17:55.414328,5D:ED:0F:F9:BC:2F,-90,Unknown,{117: b'\x02\x18\xaa\x00b\xc0\t\x8d\x07/\x83y\xf8!\x10#xE\xb9]&\xee\x1c\xe8\x0b7v\x98\xe0\xc6\x84\x87\x84\x85/\x82\x95\xa4hM\xec\xe9\x96\xf1\xa2\x01\xce\x07\x12\x1d\xff'}
2026-03-16T16:17:55.415930,E0:89:7E:7E:1F:45,-80,Unknown,{76: b'\x10\x05\t\x14\xa8H\xf9'}
2026-03-16T16:17:55.416195,7B:02:8A:8B:6C:9B,-92,Unknown,{76: b'\x10\x07\x1c\x1f\xa7Ed\xd2H'}
2026-03-16T16:17:55.433399,5E:4A:E0:A3:A8:30,-78,Unknown,"{76: b'\x07\x19\x01\' ""\xfa\x8f\x12\x00\x06%F\xe2\xa9\x8a\x97_\xec\x8b\xde0\x8bX\xcf)\xeb'}"
2026-03-16T16:17:55.433889,07:79:C4:6F:3C:C4,-98,Unknown,"{6: b'\x01\t ""\x06@\xd6,L\xbcn\xb7\xe8\xa05\xce\xa4z\xe8q|3\xc0\xbd8SQ'}"
2026-03-16T16:17:55.470573,4F:29:00:D5:AE:DB,-92,Unknown,{18328: b'D\xae\xba\x0f\x00\x00'}
2026-03-16T16:17:55.471560,52:17:0E:A4:A6:91,-98,Unknown,{117: b'B\r\x01\x01\x01\x04\x01\x00\x00\x00\x00\x00\x00\x03\x00\x00\x00\x00\x00\x00\x00\x00\x00\x00'}
2026-03-16T16:17:55.471807,66:1F:B6:80:98:D8,-86,Unknown,{76: b'\x10\x06\n\x1d\xcf\x1d*\x08'}
2026-03-16T16:17:55.522880,64:C9:4C:31:47:39,-80,Unknown,{76: b'\x10\x07=\x1f\x14\t\xb0\x058'}
2026-03-16T16:17:55.526194,53:F8:AD:FB:72:83,-72,Unknown,{76: b'\x10\x07<\x1f1eN\xaf\x18'}
2026-03-16T16:17:55.526526,76:32:5B:FC:99:F3,-70,Unknown,{76: b'\x10\x06\x08\x1d\xf5?\x918'}
2026-03-16T16:17:55.526676,3D:5D:8F:2A:E3:1C,-82,Unknown,
2026-03-16T16:17:55.527668,7D:FA:74:CF:97:AC,-92,Unknown,{76: b'\x10\x074\x1f\xe6j\xf4Rh'}
2026-03-16T16:17:55.528047,32:55:BF:6F:C9:61,-90,Unknown,"{6: b'\x01\t ""7\xa7\x12\x83o9\x08\x03\xc5\x1a\xe0N\xe1\xb6\xe9Z\xa9Z^K\xed\xb7|'}"
2026-03-16T16:17:55.542746,7E:00:81:41:FA:B6,-86,LE_WF-C500,
2026-03-16T16:17:55.543034,6E:B3:CA:B1:E4:9B,-88,Unknown,{76: b'\x10\x05\r\x18q+\xd0'}
2026-03-16T16:17:55.564424,7A:78:AB:CE:D9:A9,-86,Unknown,{76: b'\x10\x06\x0e\x1dy\xed\xb1\x18'}
2026-03-16T16:17:55.596407,5E:4A:E0:A3:A8:30,-84,Unknown,"{76: b'\x07\x19\x01\' ""\xfa\x8f\x12\x00\x06%F\xe2\xa9\x8a\x97_\xec\x8b\xde0\x8bX\xcf)\xeb'}"
2026-03-16T16:17:55.597053,49:8D:9F:83:E2:E2,-94,Unknown,{76: b'\x10\x05\x07\x18&\xf0$'}
2026-03-16T16:17:55.597723,0B:BD:F6:DB:50:07,-72,Unknown,
2026-03-16T16:17:55.620770,35:F7:D3:17:58:0D,-86,Unknown,"{6: b'\x01\x0f ""\xee\xcf3J\x91\x86\x8a\xaa\x84\x040\x91\x16\xf4\x12b\xee\x8afY\xfc!l'}"
2026-03-16T16:17:55.656965,E8:93:26:2A:BB:2A,-94,Buds3 FE,{117: b'B\t\x81\x02\x14\x15\x03!\x01I\xf7\x0c\x01\\\x06\xbc\xa4\xca\x00\x00\x00\x00\xd3\x00'}
2026-03-16T16:17:55.657394,04:59:95:6D:80:B3,-76,Unknown,
2026-03-16T16:17:55.657723,75:74:F6:1B:A3:F0,-72,Unknown,{76: b'\x10\x07 \x1f)\xa6h\xcf8'}
2026-03-16T16:17:55.698339,E0:89:7E:7E:1F:45,-84,Unknown,{76: b'\x10\x05\t\x14\xa8H\xf9'}
2026-03-16T16:17:55.699097,0C:63:C0:93:18:1F,-86,Unknown,
2026-03-16T16:17:55.724777,7D:FA:74:CF:97:AC,-88,Unknown,{76: b'\x10\x074\x1f\xe6j\xf4Rh'}
2026-03-16T16:17:55.725151,0F:02:D2:8E:8B:31,-70,Unknown,
2026-03-16T16:17:55.725557,4D:39:28:C6:A0:AD,-86,Unknown,{76: b'\x16\x08\x00\xd2\xb1\x07\xa8x\xe9K'}
2026-03-16T16:17:55.776440,FB:13:34:2A:B7:BC,-88,Unknown,{76: b'\x12\x02\x00\x00'}
2026-03-16T16:17:55.827353,3D:5D:8F:2A:E3:1C,-70,Unknown,
2026-03-16T16:17:55.881333,40:B8:70:B5:21:6F,-72,Unknown,{76: b'\x10\x076\x1f\xe3ji\x9bX'}
2026-03-16T16:17:55.882508,7D:FA:74:CF:97:AC,-90,Unknown,{76: b'\x10\x074\x1f\xe6j\xf4Rh'}
2026-03-16T16:17:55.940606,60:C9:0A:91:94:3E,-74,Unknown,{76: b'\x10\x06\x03\x1d\x95\xee\xcaH'}
2026-03-16T16:17:55.941707,E0:F1:64:C6:DF:F9,-90,Unknown,{76: b'\x12\x02\x00\x00'}
2026-03-16T16:17:55.942253,7B:02:8A:8B:6C:9B,-86,Unknown,{76: b'\x10\x07\x1c\x1f\xa7Ed\xd2H'}
2026-03-16T16:17:55.942396,5E:4A:E0:A3:A8:30,-80,Unknown,"{76: b'\x07\x19\x01\' ""\xfa\x8f\x12\x00\x06%F\xe2\xa9\x8a\x97_\xec\x8b\xde0\x8bX\xcf)\xeb'}"
2026-03-16T16:17:55.942723,59:A9:2D:BF:32:4E,-76,Unknown,{76: b'\x10\x077\x1f7:V\xbbH'}
2026-03-16T16:17:55.989367,24:D8:29:A3:A4:CE,-82,Unknown,"{6: b'\x01\t ""\x15$i\x1e%\xf0\x9bm\x9c\xa6\x06\xce\x0c\xa7C\xdcE\x0c\xf2\xed\xe8\xe3\xfd'}"
2026-03-16T16:17:55.989924,EA:8F:A5:C7:14:A6,-74,Unknown,{76: b'\x12\x02\x00\x00'}
2026-03-16T16:17:56.009377,6D:1D:DF:AD:9A:CF,-78,Unknown,{76: b'\x10\x07{\x1fEx\x19M\xc8'}
2026-03-16T16:17:56.044319,64:C9:4C:31:47:39,-76,Unknown,{76: b'\x10\x07=\x1f\x14\t\xb0\x058'}
2026-03-16T16:17:56.044931,76:32:5B:FC:99:F3,-68,Unknown,{76: b'\x10\x06\x08\x1d\xf5?\x918'}
2026-03-16T16:17:56.095303,53:F8:AD:FB:72:83,-74,Unknown,{76: b'\x10\x07<\x1f1eN\xaf\x18'}
2026-03-16T16:17:56.096226,52:17:0E:A4:A6:91,-98,Unknown,{117: b'B\r\x01\x01\x01\x04\x01\x00\x00\x00\x00\x00\x00\x03\x00\x00\x00\x00\x00\x00\x00\x00\x00\x00'}
2026-03-16T16:17:56.096740,3D:5D:8F:2A:E3:1C,-78,Unknown,
2026-03-16T16:17:56.097162,62:D0:1D:87:C2:E0,-90,Unknown,"{76: b'\x10\x06)\x1e\x82\xc1\xad""'}"
2026-03-16T16:17:56.098190,7D:FA:74:CF:97:AC,-90,Unknown,{76: b'\x10\x074\x1f\xe6j\xf4Rh'}
2026-03-16T16:17:56.123102,7A:78:AB:CE:D9:A9,-84,Unknown,{76: b'\x10\x06\x0e\x1dy\xed\xb1\x18'}
2026-03-16T16:17:56.123774,4D:39:28:C6:A0:AD,-82,Unknown,{76: b'\x16\x08\x00\xd2\xb1\x07\xa8x\xe9K'}
2026-03-16T16:17:56.125269,66:68:87:27:63:E2,-96,Unknown,{76: b'\x10\x05\n\x98\xc0\xbcI'}
2026-03-16T16:17:56.125636,00:00:00:00:00:00,-84,Unknown,
2026-03-16T16:17:56.146435,66:CF:26:C9:48:00,-92,Unknown,"{117: b'\x02\x18a\xb1\xc7G\xc7L\xc2\x13,p\x1a\xa4\xb8\x0f~G;\x0eS\xbfM)'}"
2026-03-16T16:17:56.146980,F7:74:60:4A:14:96,-88,Unknown,{76: b'\x12\x02\x00\x01'}
2026-03-16T16:17:56.173412,4A:04:A6:AC:B4:BF,-76,Unknown,{76: b'\x10\x06\x03\x1d0\xd1s\x18'}
2026-03-16T16:17:56.173794,60:C9:0A:91:94:3E,-74,Unknown,{76: b'\x10\x06\x03\x1d\x95\xee\xcaH'}
2026-03-16T16:17:56.174267,7E:FF:17:E3:CF:34,-96,Unknown,"{117: b'\x02\x18a\xb1\xda\xaf=\xee\xe4.\xc72\x15\x0e\x96\x17\xf2\xac\xcc\xcb\xae!""t'}"
2026-03-16T16:17:56.228450,0B:BD:F6:DB:50:07,-74,Unknown,
2026-03-16T16:17:56.229285,E0:89:7E:7E:1F:45,-84,Unknown,{76: b'\x10\x05\t\x14\xa8H\xf9'}
2026-03-16T16:17:56.229762,4E:37:4D:F9:CC:C5,-94,Unknown,{76: b'\x07\x19\x01\x1f +\x04\x80\x00\x12\xc4\x9b\xc3\x9c\xe5\xf4R\xf9\xb9\x01\x8d\x91\x0e\xee\xa2`4'}
2026-03-16T16:17:56.230353,59:A9:2D:BF:32:4E,-74,Unknown,{76: b'\x10\x077\x1f7:V\xbbH'}
2026-03-16T16:17:56.274393,7D:8D:0F:65:7D:6E,-72,Unknown,"{76: b'\x10\x07,\x1fG\xefa\x02\x08'}"
2026-03-16T16:17:56.275010,7D:FA:74:CF:97:AC,-92,Unknown,{76: b'\x10\x074\x1f\xe6j\xf4Rh'}
2026-03-16T16:17:56.302927,66:1F:B6:80:98:D8,-78,Unknown,{76: b'\x10\x06\n\x1d\xcf\x1d*\x08'}
2026-03-16T16:17:56.303676,7E:00:81:41:FA:B6,-88,LE_WF-C500,
2026-03-16T16:17:56.304248,42:5C:3B:9B:48:4D,-86,Unknown,{76: b'\t\x08\x13v\n\x16!)\x1bX\x16\x08\x00\xca\xa4\xdc\xc2\x08s#'}
2026-03-16T16:17:56.356334,49:8D:9F:83:E2:E2,-96,Unknown,{76: b'\x10\x05\x07\x18&\xf0$'}
2026-03-16T16:17:56.358904,7D:8D:0F:65:7D:6E,-72,Unknown,"{76: b'\x10\x07,\x1fG\xefa\x02X'}"
2026-03-16T16:17:56.359482,3D:5D:8F:2A:E3:1C,-78,Unknown,
2026-03-16T16:17:56.410722,6E:B3:CA:B1:E4:9B,-86,Unknown,{76: b'\x10\x05\r\x18q+\xd0'}
2026-03-16T16:17:56.412687,24:D8:29:A3:A4:CE,-80,Unknown,"{6: b'\x01\t ""\x15$i\x1e%\xf0\x9bm\x9c\xa6\x06\xce\x0c\xa7C\xdcE\x0c\xf2\xed\xe8\xe3\xfd'}"
2026-03-16T16:17:56.412906,E8:93:26:2A:BB:2A,-94,Buds3 FE,{117: b'B\t\x81\x02\x14\x15\x03!\x01I\xf7\x0c\x01\\\x06\xbc\xa4\xca\x00\x00\x00\x00\xd3\x00'}
2026-03-16T16:17:56.413023,40:B8:70:B5:21:6F,-62,Unknown,{76: b'\x10\x076\x1f\xe3ji\x9bX'}
2026-03-16T16:17:56.431442,7D:FA:74:CF:97:AC,-88,Unknown,{76: b'\x10\x074\x1f\xe6j\xf4Rh'}
2026-03-16T16:17:56.456433,32:55:BF:6F:C9:61,-84,Unknown,"{6: b'\x01\t ""7\xa7\x12\x83o9\x08\x03\xc5\x1a\xe0N\xe1\xb6\xe9Z\xa9Z^K\xed\xb7|'}"
2026-03-16T16:17:56.484417,04:59:95:6D:80:B3,-74,Unknown,
2026-03-16T16:17:56.512360,7B:02:8A:8B:6C:9B,-90,Unknown,{76: b'\x10\x07\x1c\x1f\xa7Ed\xd2H'}
2026-03-16T16:17:56.513763,E9:0A:EB:9B:69:96,-78,Unknown,{76: b'\x12\x02\x00\x01'}
2026-03-16T16:17:56.514901,49:8D:9F:83:E2:E2,-96,Unknown,{76: b'\x10\x05\x07\x18&\xf0$'}
2026-03-16T16:17:56.539335,6D:1D:DF:AD:9A:CF,-82,Unknown,{76: b'\x10\x07{\x1fEx\x19M\xc8'}
2026-03-16T16:17:56.598775,18:43:A3:D7:DE:35,-76,Unknown,
2026-03-16T16:17:56.600402,35:F7:D3:17:58:0D,-88,Unknown,"{6: b'\x01\x0f ""\xee\xcf3J\x91\x86\x8a\xaa\x84\x040\x91\x16\xf4\x12b\xee\x8afY\xfc!l'}"
2026-03-16T16:17:56.601021,69:1F:A2:39:0A:62,-94,Unknown,{76: b'\x10\x06?\x1d\xaa\\LH'}
2026-03-16T16:17:56.601260,53:F8:AD:FB:72:83,-70,Unknown,{76: b'\x10\x07<\x1f1eN\xaf\x18'}
2026-03-16T16:17:56.601554,76:32:5B:FC:99:F3,-80,Unknown,{76: b'\x10\x06\x08\x1d\xf5?\x918'}
2026-03-16T16:17:56.631069,6D:95:7A:E5:2E:90,-74,Unknown,{76: b'\x10\x06\x0f\x1da\x9b\xaax'}
2026-03-16T16:17:56.631396,3B:07:65:2C:C5:60,-94,Unknown,"{6: b'\x01\t ""\xa1\xd3\xc3\x83\xfay\x01\xc5\xad\xb7n\x1a7\xc8\x8fl\xa1r\xe7\xab\xdf-\xdd'}"
2026-03-16T16:17:56.631769,40:34:33:E3:5B:0D,-90,Unknown,{76: b'\x10\x075\x1b\x86\xc2\x1frx'}
2026-03-16T16:17:56.632229,62:D0:1D:87:C2:E0,-90,Unknown,"{76: b'\x10\x06)\x1e\x82\xc1\xad""'}"
2026-03-16T16:17:56.671702,7D:8D:0F:65:7D:6E,-72,Unknown,"{76: b'\x10\x07,\x1fG\xefa\x02X'}"
2026-03-16T16:17:56.672319,7A:78:AB:CE:D9:A9,-88,Unknown,{76: b'\x10\x06\x0e\x1dy\xed\xb1\x18'}
2026-03-16T16:17:56.673093,4D:39:28:C6:A0:AD,-86,Unknown,{76: b'\x16\x08\x00\xd2\xb1\x07\xa8x\xe9K'}
2026-03-16T16:17:56.674105,42:5C:3B:9B:48:4D,-86,Unknown,{76: b'\t\x08\x13v\n\x16!)\x1bX\x16\x08\x00\xca\xa4\xdc\xc2\x08s#'}
2026-03-16T16:17:56.701099,00:00:00:00:00:00,-80,Unknown,
2026-03-16T16:17:56.771417,49:8D:9F:83:E2:E2,-94,Unknown,{76: b'\x10\x05\x07\x18&\xf0$'}
2026-03-16T16:17:56.801389,DE:43:95:71:B4:09,-66,Unknown,{76: b'\x07\x11\x06`\x80xO\xdd\x87\x82\xc5\xfa\x07\xc3\xe66\x05-\x1a'}
2026-03-16T16:17:56.802872,D1:54:AF:D7:E5:2A,-84,Unknown,{76: b'\x07\x11\x063w\xda\xa3\x15\xee\xee\xc9\x91\xb6\xd2\xbc\x16\x97L\x04'}
2026-03-16T16:17:56.803401,04:59:95:6D:80:B3,-70,Unknown,
2026-03-16T16:17:56.832675,18:43:A3:D7:DE:35,-76,Unknown,
2026-03-16T16:17:56.833364,66:1F:B6:80:98:D8,-88,Unknown,{76: b'\x10\x06\n\x1d\xcf\x1d*\x08'}
2026-03-16T16:17:56.876103,64:C9:4C:31:47:39,-82,Unknown,{76: b'\x10\x07=\x1f\x14\t\xb0\x058'}
2026-03-16T16:17:56.876687,D9:34:33:4B:99:DB,-62,Unknown,{76: b'\x12\x02\x00\x01'}
2026-03-16T16:17:56.903220,24:D8:29:A3:A4:CE,-78,Unknown,"{6: b'\x01\t ""\x15$i\x1e%\xf0\x9bm\x9c\xa6\x06\xce\x0c\xa7C\xdcE\x0c\xf2\xed\xe8\xe3\xfd'}"
2026-03-16T16:17:56.955541,40:B8:70:B5:21:6F,-68,Unknown,{76: b'\x10\x076\x1f\xe3ji\x9bX'}
2026-03-16T16:17:56.989553,4E:37:4D:F9:CC:C5,-90,Unknown,{76: b'\x07\x19\x01\x1f +\x04\x80\x00\x12\xc4\x9b\xc3\x9c\xe5\xf4R\xf9\xb9\x01\x8d\x91\x0e\xee\xa2`4'}
2026-03-16T16:17:56.991327,00:00:00:00:00:00,-78,Unknown,
2026-03-16T16:17:56.992574,07:79:C4:6F:3C:C4,-100,Unknown,"{6: b'\x01\t ""\x06@\xd6,L\xbcn\xb7\xe8\xa05\xce\xa4z\xe8q|3\xc0\xbd8SQ'}"
2026-03-16T16:17:57.034004,E0:89:7E:7E:1F:45,-80,Unknown,{76: b'\x10\x05\t\x14\xa8H\xf9'}
2026-03-16T16:17:57.034667,40:B0:39:F1:C2:93,-94,Unknown,{76: b'\x16\x08\x00\xe9\xac8i\xf3\x0c\xcf'}
2026-03-16T16:17:57.068698,5E:4A:E0:A3:A8:30,-88,Unknown,"{76: b'\x07\x19\x01\' ""\xfa\x8f\x12\x00\x06%F\xe2\xa9\x8a\x97_\xec\x8b\xde0\x8bX\xcf)\xeb'}"
2026-03-16T16:17:57.069420,59:A9:2D:BF:32:4E,-76,Unknown,{76: b'\x10\x077\x1f7:V\xbbH'}
2026-03-16T16:17:57.069949,7E:00:81:41:FA:B6,-84,LE_WF-C500,
2026-03-16T16:17:57.070362,EF:DD:55:C5:ED:69,-94,Unknown,{76: b'\x12\x02\x00\x02'}
2026-03-16T16:17:57.093112,5A:B9:05:5C:F8:FF,-86,Unknown,{49040: b'\xd9]&2\x00\x00'}
2026-03-16T16:17:57.093376,6D:1D:DF:AD:9A:CF,-84,Unknown,{76: b'\x10\x07{\x1fEx\x19M\xc8'}
2026-03-16T16:17:57.093472,32:55:BF:6F:C9:61,-78,Unknown,"{6: b'\x01\t ""7\xa7\x12\x83o9\x08\x03\xc5\x1a\xe0N\xe1\xb6\xe9Z\xa9Z^K\xed\xb7|'}"
2026-03-16T16:17:57.121493,3B:07:65:2C:C5:60,-94,Unknown,"{6: b'\x01\t ""\xa1\xd3\xc3\x83\xfay\x01\xc5\xad\xb7n\x1a7\xc8\x8fl\xa1r\xe7\xab\xdf-\xdd'}"
2026-03-16T16:17:57.121801,18:43:A3:D7:DE:35,-76,Unknown,
2026-03-16T16:17:57.122099,F7:3F:86:C2:8D:66,-84,Unknown,{76: b'\x12\x02\x00\x01'}
2026-03-16T16:17:57.122261,04:59:95:6D:80:B3,-70,Unknown,
2026-03-16T16:17:57.122408,24:D8:29:A3:A4:CE,-78,Unknown,"{6: b'\x01\t ""\x15$i\x1e%\xf0\x9bm\x9c\xa6\x06\xce\x0c\xa7C\xdcE\x0c\xf2\xed\xe8\xe3\xfd'}"
2026-03-16T16:17:57.150725,69:1F:A2:39:0A:62,-96,Unknown,{76: b'\x10\x06?\x1d\xaa\\LH'}
2026-03-16T16:17:57.151690,4E:37:4D:F9:CC:C5,-90,Unknown,{76: b'\x07\x19\x01\x1f +\x04\x80\x00\x12\xc4\x9b\xc3\x9c\xe5\xf4R\xf9\xb9\x01\x8d\x91\x0e\xee\xa2`4'}
2026-03-16T16:17:57.153327,6D:95:7A:E5:2E:90,-80,Unknown,{76: b'\x10\x06\x0f\x1da\x9b\xaax'}
2026-03-16T16:17:57.153978,40:34:33:E3:5B:0D,-90,Unknown,{76: b'\x10\x075\x1b\x86\xc2\x1frx'}
2026-03-16T16:17:57.193476,7D:8D:0F:65:7D:6E,-72,Unknown,"{76: b'\x10\x07,\x1fG\xefa\x02X'}"
2026-03-16T16:17:57.194107,4D:39:28:C6:A0:AD,-84,Unknown,{76: b'\x16\x08\x00\xd2\xb1\x07\xa8x\xe9K'}
2026-03-16T16:17:57.254201,42:5C:3B:9B:48:4D,-90,Unknown,{76: b'\t\x08\x13v\n\x16!)\x1bX\x16\x08\x00\xca\xa4\xdc\xc2\x08s#'}
2026-03-16T16:17:57.254886,4A:04:A6:AC:B4:BF,-76,Unknown,{76: b'\x10\x06\x03\x1d0\xd1s\x18'}
2026-03-16T16:17:57.255329,E8:93:26:2A:BB:2A,-94,Buds3 FE,{117: b'B\t\x81\x02\x14\x15\x03!\x01I\xf7\x0c\x01\\\x06\xbc\xa4\xca\x00\x00\x00\x00\xd3\x00'}
2026-03-16T16:17:57.277062,5A:B9:05:5C:F8:FF,-92,Unknown,{49040: b'\xd9]&2\x00\x00'}
2026-03-16T16:17:57.277356,3F:89:38:5D:A7:DE,-82,Unknown,
2026-03-16T16:17:57.277561,7E:FF:17:E3:CF:34,-96,Unknown,"{117: b'\x02\x18a\xb1\xda\xaf=\xee\xe4.\xc72\x15\x0e\x96\x17\xf2\xac\xcc\xcb\xae!""t'}"
2026-03-16T16:17:57.338073,E0:89:7E:7E:1F:45,-84,Unknown,{76: b'\x10\x05\t\x14\xa8H\xf9'}
2026-03-16T16:17:57.338366,4F:29:00:D5:AE:DB,-94,Unknown,{18328: b'D\xae\xba\x0f\x00\x00'}
2026-03-16T16:17:57.338650,75:74:F6:1B:A3:F0,-72,Unknown,{76: b'\x01\x00\x00\x00\x00\x00\x00\x00\x00\x00\x00\x00\x00\x80\x00\x00\x00'}
2026-03-16T16:17:57.380536,4E:37:4D:F9:CC:C5,-88,Unknown,{76: b'\x07\x19\x01\x1f +\x04\x80\x00\x12\xc4\x9b\xc3\x9c\xe5\xf4R\xf9\xb9\x01\x8d\x91\x0e\xee\xa2`4'}
2026-03-16T16:17:57.381506,7D:FA:74:CF:97:AC,-92,Unknown,{76: b'\x10\x074\x1f\xe6j\xf4Rh'}
2026-03-16T16:17:57.381820,66:1F:B6:80:98:D8,-80,Unknown,{76: b'\x10\x06\n\x1d\xcf\x1d*\x08'}
2026-03-16T16:17:57.401589,64:C9:4C:31:47:39,-78,Unknown,{76: b'\x10\x07=\x1f\x14\t\xb0\x058'}
2026-03-16T16:17:57.436613,C3:5D:CC:75:A5:7B,-80,Unknown,{76: b'\x12\x02.\x01\x07\x11\x06\x0e>3$X3\xc7\xe2\x864iz\xd1|x\xff'}
2026-03-16T16:17:57.437308,76:32:5B:FC:99:F3,-68,Unknown,{76: b'\x10\x06\x08\x1d\xf5?\x918'}
2026-03-16T16:17:57.437818,3B:07:65:2C:C5:60,-92,Unknown,"{6: b'\x01\t ""\xa1\xd3\xc3\x83\xfay\x01\xc5\xad\xb7n\x1a7\xc8\x8fl\xa1r\xe7\xab\xdf-\xdd'}"
2026-03-16T16:17:57.438892,5E:4A:E0:A3:A8:30,-82,Unknown,"{76: b'\x07\x19\x01\' ""\xfa\x8f\x12\x00\x06%F\xe2\xa9\x8a\x97_\xec\x8b\xde0\x8bX\xcf)\xeb'}"
2026-03-16T16:17:57.482651,62:D0:1D:87:C2:E0,-90,Unknown,"{76: b'\x10\x06)\x1e\x82\xc1\xad""'}"
2026-03-16T16:17:57.483317,7A:78:AB:CE:D9:A9,-88,Unknown,{76: b'\x10\x06\x0e\x1dy\xed\xb1\x18'}
2026-03-16T16:17:57.510606,40:B8:70:B5:21:6F,-64,Unknown,{76: b'\x10\x076\x1f\xe3ji\x9bX'}
2026-03-16T16:17:57.511141,35:F7:D3:17:58:0D,-84,Unknown,"{6: b'\x01\x0f ""\xee\xcf3J\x91\x86\x8a\xaa\x84\x040\x91\x16\xf4\x12b\xee\x8afY\xfc!l'}"
2026-03-16T16:17:57.531397,4E:37:4D:F9:CC:C5,-94,Unknown,{76: b'\x07\x19\x01\x1f +\x04\x80\x00\x12\xc4\x9b\xc3\x9c\xe5\xf4R\xf9\xb9\x01\x8d\x91\x0e\xee\xa2`4'}
2026-03-16T16:17:57.561468,60:C9:0A:91:94:3E,-76,Unknown,{76: b'\x10\x06\x03\x1d\x95\xee\xcaH'}
2026-03-16T16:17:57.562100,7D:FA:74:CF:97:AC,-88,Unknown,{76: b'\x10\x074\x1f\xe6j\xf4Rh'}
2026-03-16T16:17:57.588439,7E:00:81:41:FA:B6,-88,LE_WF-C500,
2026-03-16T16:17:57.589994,7B:02:8A:8B:6C:9B,-74,Unknown,{76: b'\x10\x07\x1c\x1f\xa7Ed\xd2H'}
2026-03-16T16:17:57.645964,0B:BD:F6:DB:50:07,-72,Unknown,
2026-03-16T16:17:57.646574,59:A9:2D:BF:32:4E,-74,Unknown,{76: b'\x10\x077\x1f7:V\xbbH'}
2026-03-16T16:17:57.646943,5E:2A:06:12:53:CD,-98,Unknown,"{117: b""\x02\x18\xaa\x00a\x80\x03\xdd'\xaf\xaby\xf8!\x10\x1e\xe6\xc4\xeb\x90\rX@\xff\x9f\x08\x9as<7Z\x06\x8e\x03I\x1e;\xb9\x01\rX\x80<\xe1\xb2 ""}"
2026-03-16T16:17:57.698657,69:1F:A2:39:0A:62,-96,Unknown,{76: b'\x10\x06?\x1d\xaa\\LH'}
2026-03-16T16:17:57.699870,53:F8:AD:FB:72:83,-68,Unknown,{76: b'\x10\x07<\x1f1eN\xaf\x18'}
2026-03-16T16:17:57.700153,6D:95:7A:E5:2E:90,-74,Unknown,{76: b'\x10\x06\x0f\x1da\x9b\xaax'}
2026-03-16T16:17:57.700684,40:34:33:E3:5B:0D,-90,Unknown,{76: b'\x10\x075\x1b\x86\xc2\x1frx'}
2026-03-16T16:17:57.721062,76:32:5B:FC:99:F3,-74,Unknown,{76: b'\x10\x06\x08\x1d\xf5?\x918'}
2026-03-16T16:17:57.722627,4E:37:4D:F9:CC:C5,-90,Unknown,{76: b'\x07\x19\x01\x1f +\x04\x80\x00\x12\xc4\x9b\xc3\x9c\xe5\xf4R\xf9\xb9\x01\x8d\x91\x0e\xee\xa2`4'}
2026-03-16T16:17:57.723496,32:55:BF:6F:C9:61,-78,Unknown,"{6: b'\x01\t ""7\xa7\x12\x83o9\x08\x03\xc5\x1a\xe0N\xe1\xb6\xe9Z\xa9Z^K\xed\xb7|'}"
2026-03-16T16:17:57.775444,5A:B9:05:5C:F8:FF,-94,Unknown,{49040: b'\xd9]&2\x00\x00'}
2026-03-16T16:17:57.775924,0C:63:C0:93:18:1F,-88,Unknown,
2026-03-16T16:17:57.777774,7D:FA:74:CF:97:AC,-90,Unknown,{76: b'\x10\x074\x1f\xe6j\xf4Rh'}
2026-03-16T16:17:57.778749,42:5C:3B:9B:48:4D,-90,Unknown,{76: b'\t\x08\x13v\n\x16!)\x1bX\x16\x08\x00\xca\xa4\xdc\xc2\x08s#'}
2026-03-16T16:17:57.797850,3D:5D:8F:2A:E3:1C,-78,Unknown,
2026-03-16T16:17:57.798283,FB:13:34:2A:B7:BC,-92,Unknown,{76: b'\x12\x02\x00\x00'}
2026-03-16T16:17:57.853799,4A:04:A6:AC:B4:BF,-76,Unknown,{76: b'\x10\x06\x03\x1d0\xd1s\x18'}
2026-03-16T16:17:57.854352,E0:89:7E:7E:1F:45,-84,Unknown,{76: b'\x10\x05\t\x14\xa8H\xf9'}
2026-03-16T16:17:57.855092,27:0A:C8:5B:95:F4,-96,Unknown,
2026-03-16T16:17:57.897045,E8:93:26:2A:BB:2A,-94,Buds3 FE,{117: b'B\t\x81\x02\x14\x15\x03!\x01I\xf7\x0c\x01\\\x06\xbc\xa4\xca\x00\x00\x00\x00\xd3\x00'}
2026-03-16T16:17:57.898612,0B:BD:F6:DB:50:07,-68,Unknown,
2026-03-16T16:17:57.898942,D6:9D:9C:EA:82:BE,-78,Unknown,{76: b'\x12\x02\x00\x03'}
2026-03-16T16:17:57.934077,4F:29:00:D5:AE:DB,-94,Unknown,{18328: b'D\xae\xba\x0f\x00\x00'}
2026-03-16T16:17:57.934752,64:C9:4C:31:47:39,-78,Unknown,{76: b'\x10\x07=\x1f\x14\t\xb0\x058'}
2026-03-16T16:17:57.934961,F4:27:09:94:78:6B,-76,Unknown,"{76: b""\x12\x19\x00\xe3\x8dl\xee\xd5\x00\xd3\x82'\x0f\xffy;\xcb+}F\xfaJ\xd0f&\x03\x00""}"
2026-03-16T16:17:57.953659,7D:68:0F:05:63:8F,-98,Unknown,{76: b'\x10\x05\x04\x1c#\xd5L'}
2026-03-16T16:17:57.954289,04:59:95:6D:80:B3,-70,Unknown,
2026-03-16T16:17:57.980606,62:D0:1D:87:C2:E0,-90,Unknown,"{76: b'\x10\x06)\x1e\x82\xc1\xad""'}"
2026-03-16T16:17:58.030599,49:8D:9F:83:E2:E2,-92,Unknown,{76: b'\x10\x05\x07\x18&\xf0$'}
2026-03-16T16:17:58.057592,40:B8:70:B5:21:6F,-74,Unknown,{76: b'\x10\x076\x1f\xe3ji\x9bX'}
2026-03-16T16:17:58.059221,24:D8:29:A3:A4:CE,-84,Unknown,"{6: b'\x01\t ""\x15$i\x1e%\xf0\x9bm\x9c\xa6\x06\xce\x0c\xa7C\xdcE\x0c\xf2\xed\xe8\xe3\xfd'}"
2026-03-16T16:17:58.087836,60:C9:0A:91:94:3E,-74,Unknown,{76: b'\x10\x06\x03\x1d\x95\xee\xcaH'}
2026-03-16T16:17:58.110492,7E:FF:17:E3:CF:34,-92,Unknown,"{117: b'\x02\x18a\xb1\xda\xaf=\xee\xe4.\xc72\x15\x0e\x96\x17\xf2\xac\xcc\xcb\xae!""t'}"
2026-03-16T16:17:58.142470,52:17:0E:A4:A6:91,-90,Unknown,{117: b'B\r\x01\x01\x01\x04\x01\x00\x00\x00\x00\x00\x00\x03\x00\x00\x00\x00\x00\x00\x00\x00\x00\x00'}
2026-03-16T16:17:58.145302,75:74:F6:1B:A3:F0,-84,Unknown,{76: b'\x10\x07 \x1f)\xa6h\xcf8'}
2026-03-16T16:17:58.145651,7B:02:8A:8B:6C:9B,-78,Unknown,{76: b'\x10\x07\x1c\x1f\xa7Ed\xd2H'}
2026-03-16T16:17:58.145898,07:79:C4:6F:3C:C4,-98,Unknown,"{6: b'\x01\t ""\x06@\xd6,L\xbcn\xb7\xe8\xa05\xce\xa4z\xe8q|3\xc0\xbd8SQ'}"
2026-03-16T16:17:58.163562,3B:07:65:2C:C5:60,-92,Unknown,"{6: b'\x01\t ""\xa1\xd3\xc3\x83\xfay\x01\xc5\xad\xb7n\x1a7\xc8\x8fl\xa1r\xe7\xab\xdf-\xdd'}"
2026-03-16T16:17:58.217536,66:1F:B6:80:98:D8,-80,Unknown,{76: b'\x10\x06\n\x1d\xcf\x1d*\x08'}
2026-03-16T16:17:58.249781,69:1F:A2:39:0A:62,-92,Unknown,{76: b'\x10\x06?\x1d\xaa\\LH'}
2026-03-16T16:17:58.251115,35:F7:D3:17:58:0D,-88,Unknown,"{6: b'\x01\x0f ""\xee\xcf3J\x91\x86\x8a\xaa\x84\x040\x91\x16\xf4\x12b\xee\x8afY\xfc!l'}"
2026-03-16T16:17:58.251393,6D:95:7A:E5:2E:90,-82,Unknown,{76: b'\x10\x06\x0f\x1da\x9b\xaax'}
2026-03-16T16:17:58.251558,76:32:5B:FC:99:F3,-68,Unknown,{76: b'\x10\x06\x08\x1d\xf5?\x918'}
2026-03-16T16:17:58.296773,62:D0:1D:87:C2:E0,-90,Unknown,"{76: b'\x10\x06)\x1e\x82\xc1\xad""'}"
2026-03-16T16:17:58.298618,7D:8D:0F:65:7D:6E,-74,Unknown,"{76: b'\x10\x07,\x1fG\xefa\x02X'}"
2026-03-16T16:17:58.298850,4E:37:4D:F9:CC:C5,-90,Unknown,{76: b'\x07\x19\x01\x1f +\x04\x80\x00\x12\xc4\x9b\xc3\x9c\xe5\xf4R\xf9\xb9\x01\x8d\x91\x0e\xee\xa2`4'}
2026-03-16T16:17:58.298967,6E:B3:CA:B1:E4:9B,-86,Unknown,{76: b'\x10\x05\r\x18q+\xd0'}
2026-03-16T16:17:58.299109,7A:78:AB:CE:D9:A9,-84,Unknown,{76: b'\x10\x06\x0e\x1dy\xed\xb1\x18'}
2026-03-16T16:17:58.299450,2D:D7:76:63:C3:4A,-88,Unknown,"{6: b'\x01\x0f ""\xc4j \xe1;\x82b\xac\xca[\x03/\x81\x95\xb8\xef\x90\xa9\xe3[WW\xe0'}"
2026-03-16T16:17:58.324501,52:17:0E:A4:A6:91,-96,Unknown,{117: b'B\r\x01\x01\x01\x04\x01\x00\x00\x00\x00\x00\x00\x03\x00\x00\x00\x00\x00\x00\x00\x00\x00\x00'}
2026-03-16T16:17:58.345429,66:CF:26:C9:48:00,-96,Unknown,"{117: b'\x02\x18a\xb1\xc7G\xc7L\xc2\x13,p\x1a\xa4\xb8\x0f~G;\x0eS\xbfM)'}"
2026-03-16T16:17:58.379527,4A:04:A6:AC:B4:BF,-82,Unknown,{76: b'\x10\x06\x03\x1d0\xd1s\x18'}
2026-03-16T16:17:58.380911,E0:89:7E:7E:1F:45,-80,Unknown,{76: b'\x10\x05\t\x14\xa8H\xf9'}
2026-03-16T16:17:58.381167,EA:8F:A5:C7:14:A6,-70,Unknown,{76: b'\x12\x02\x00\x00'}
2026-03-16T16:17:58.381491,3B:07:65:2C:C5:60,-96,Unknown,"{6: b'\x01\t ""\xa1\xd3\xc3\x83\xfay\x01\xc5\xad\xb7n\x1a7\xc8\x8fl\xa1r\xe7\xab\xdf-\xdd'}"
2026-03-16T16:17:58.398677,7E:80:54:3D:71:14,-90,Unknown,{76: b'\x10\x067\x1a-\x1b\xeb?'}
2026-03-16T16:17:58.431650,75:74:F6:1B:A3:F0,-76,Unknown,{76: b'\x10\x07 \x1f)\xa6h\xcf8'}
2026-03-16T16:17:58.490687,59:A9:2D:BF:32:4E,-74,Unknown,{76: b'\x10\x077\x1f7:V\xbbH'}
2026-03-16T16:17:58.492206,4E:37:4D:F9:CC:C5,-90,Unknown,{76: b'\x07\x19\x01\x1f +\x04\x80\x00\x12\xc4\x9b\xc3\x9c\xe5\xf4R\xf9\xb9\x01\x8d\x91\x0e\xee\xa2`4'}
2026-03-16T16:17:58.493846,66:1F:B6:80:98:D8,-88,Unknown,{76: b'\x10\x06\n\x1d\xcf\x1d*\x08'}
2026-03-16T16:17:58.494339,66:CF:26:C9:48:00,-96,Unknown,"{117: b'\x02\x18a\xb1\xc7G\xc7L\xc2\x13,p\x1a\xa4\xb8\x0f~G;\x0eS\xbfM)'}"
2026-03-16T16:17:58.495626,6D:1D:DF:AD:9A:CF,-84,Unknown,{76: b'\x10\x07{\x1fEx\x19M\xc8'}
2026-03-16T16:17:58.536015,64:C9:4C:31:47:39,-84,Unknown,{76: b'\x10\x07=\x1f\x14\t\xb0\x058'}
2026-03-16T16:17:58.537340,53:F8:AD:FB:72:83,-68,Unknown,{76: b'\x10\x07<\x1f1eN\xaf\x18'}
2026-03-16T16:17:58.538098,E9:0A:EB:9B:69:96,-88,Unknown,{76: b'\x12\x02\x00\x01'}
2026-03-16T16:17:58.556234,E8:93:26:2A:BB:2A,-94,Buds3 FE,{117: b'B\t\x81\x02\x14\x15\x03!\x01I\xf7\x0c\x01\\\x06\xbc\xa4\xca\x00\x00\x00\x00\xd3\x00'}
2026-03-16T16:17:58.556903,04:59:95:6D:80:B3,-70,Unknown,
2026-03-16T16:17:58.586106,40:B8:70:B5:21:6F,-80,Unknown,{76: b'\x10\x076\x1f\xe3ji\x9bX'}
2026-03-16T16:17:58.587039,2D:D7:76:63:C3:4A,-86,Unknown,"{6: b'\x01\x0f ""\xc4j \xe1;\x82b\xac\xca[\x03/\x81\x95\xb8\xef\x90\xa9\xe3[WW\xe0'}"
2026-03-16T16:17:58.641566,7E:FF:17:E3:CF:34,-98,Unknown,"{117: b'\x02\x18a\xb1\xda\xaf=\xee\xe4.\xc72\x15\x0e\x96\x17\xf2\xac\xcc\xcb\xae!""t'}"
2026-03-16T16:17:58.643501,52:17:0E:A4:A6:91,-86,Unknown,{117: b'B\r\x01\x01\x01\x04\x01\x00\x00\x00\x00\x00\x00\x03\x00\x00\x00\x00\x00\x00\x00\x00\x00\x00'}
2026-03-16T16:17:58.687602,E0:89:7E:7E:1F:45,-86,Unknown,{76: b'\x10\x05\t\x14\xa8H\xf9'}
2026-03-16T16:17:58.688585,F6:0D:F5:48:7E:6A,-84,Unknown,{76: b'\x12\x19\x00;\r\xc8f\xa3\r\xe1\xc35\xc5\xc0#\x8cI\xab/\x14\x95\x87\xb1uq\x01\x00'}
2026-03-16T16:17:58.766775,5E:4A:E0:A3:A8:30,-82,Unknown,"{76: b'\x07\x19\x01\' ""\xfa\x8f\x12\x00\x06%F\xe2\xa9\x8a\x97_\xec\x8b\xde0\x8bX\xcf)\xeb'}"
2026-03-16T16:17:58.767042,07:79:C4:6F:3C:C4,-98,Unknown,"{6: b'\x01\t ""\x06@\xd6,L\xbcn\xb7\xe8\xa05\xce\xa4z\xe8q|3\xc0\xbd8SQ'}"
2026-03-16T16:17:58.825711,0F:02:D2:8E:8B:31,-72,Unknown,
2026-03-16T16:17:58.826399,76:32:5B:FC:99:F3,-66,Unknown,{76: b'\x10\x06\x08\x1d\xf5?\x918'}
2026-03-16T16:17:58.845683,4F:29:00:D5:AE:DB,-92,Unknown,{18328: b'D\xae\xba\x0f\x00\x00'}
2026-03-16T16:17:58.873891,7E:00:81:41:FA:B6,-88,LE_WF-C500,
2026-03-16T16:17:58.874389,D9:34:33:4B:99:DB,-84,Unknown,{76: b'\x12\x02\x00\x01'}
2026-03-16T16:17:58.874898,24:D8:29:A3:A4:CE,-76,Unknown,"{6: b'\x01\t ""\x15$i\x1e%\xf0\x9bm\x9c\xa6\x06\xce\x0c\xa7C\xdcE\x0c\xf2\xed\xe8\xe3\xfd'}"
2026-03-16T16:17:58.929537,60:C9:0A:91:94:3E,-76,Unknown,{76: b'\x10\x06\x03\x1d\x95\xee\xcaH'}
2026-03-16T16:17:58.930077,5E:4A:E0:A3:A8:30,-80,Unknown,"{76: b'\x07\x19\x01\' ""\xfa\x8f\x12\x00\x06%F\xe2\xa9\x8a\x97_\xec\x8b\xde0\x8bX\xcf)\xeb'}"
2026-03-16T16:17:58.955705,7E:80:54:3D:71:14,-90,Unknown,{76: b'\x10\x067\x1a-\x1b\xeb?'}
2026-03-16T16:17:58.956266,49:8D:9F:83:E2:E2,-96,Unknown,{76: b'\x10\x05\x07\x18&\xf0$'}
2026-03-16T16:17:58.956566,35:F7:D3:17:58:0D,-84,Unknown,"{6: b'\x01\x0f ""\xee\xcf3J\x91\x86\x8a\xaa\x84\x040\x91\x16\xf4\x12b\xee\x8afY\xfc!l'}"
2026-03-16T16:17:59.000566,59:A9:2D:BF:32:4E,-76,Unknown,{76: b'\x10\x077\x1f7:V\xbbH'}
2026-03-16T16:17:59.002257,5D:ED:0F:F9:BC:2F,-94,Unknown,{117: b'\x02\x18\xaa\x00b\xc0\t\x8d\x07/\x83y\xf8!\x10#xE\xb9]&\xee\x1c\xe8\x0b7v\x98\xe0\xc6\x84\x87\x84\x85/\x82\x95\xa4hM\xec\xe9\x96\xf1\xa2\x01\xce\x07\x12\x1d\xff'}
2026-03-16T16:17:59.055070,0B:BD:F6:DB:50:07,-74,Unknown,
2026-03-16T16:17:59.080537,53:F8:AD:FB:72:83,-68,Unknown,{76: b'\x10\x07<\x1f1eN\xaf\x18'}
2026-03-16T16:17:59.106612,7D:8D:0F:65:7D:6E,-72,Unknown,"{76: b'\x10\x07,\x1fG\xefa\x02X'}"
2026-03-16T16:17:59.107027,D4:84:AC:60:FC:9B,-88,Unknown,{76: b'\x12\x02\x00\x02'}
2026-03-16T16:17:59.159553,40:B8:70:B5:21:6F,-62,Unknown,{76: b'\x10\x076\x1f\xe3ji\x9bX'}
2026-03-16T16:17:59.190655,4A:04:A6:AC:B4:BF,-76,Unknown,{76: b'\x10\x06\x03\x1d0\xd1s\x18'}
2026-03-16T16:17:59.192600,E0:89:7E:7E:1F:45,-84,Unknown,{76: b'\x10\x05\t\x14\xa8H\xf9'}
2026-03-16T16:17:59.193235,32:55:BF:6F:C9:61,-86,Unknown,"{6: b'\x01\t ""7\xa7\x12\x83o9\x08\x03\xc5\x1a\xe0N\xe1\xb6\xe9Z\xa9Z^K\xed\xb7|'}"
2026-03-16T16:17:59.214582,5A:B9:05:5C:F8:FF,-94,Unknown,{49040: b'\xd9]&2\x00\x00'}
2026-03-16T16:17:59.272837,75:74:F6:1B:A3:F0,-78,Unknown,{76: b'\x10\x07 \x1f)\xa6h\xcf8'}
2026-03-16T16:17:59.273219,C2:8E:9C:61:53:71,-98,Unknown,{76: b'\x12\x02\x00\x01'}
2026-03-16T16:17:59.276207,FA:84:93:FB:E9:A3,-84,Unknown,
2026-03-16T16:17:59.276860,66:CF:26:C9:48:00,-96,Unknown,"{117: b'\x02\x18a\xb1\xc7G\xc7L\xc2\x13,p\x1a\xa4\xb8\x0f~G;\x0eS\xbfM)'}"
2026-03-16T16:17:59.323638,CB:0A:25:89:21:F3,-76,Unknown,{76: b'\x12\x02\xae\x02\x07\x11\x06N\xe9\xa1\x00\x88I\xd1\xbe)\xd4dk\x9fk\x8ag'}
2026-03-16T16:17:59.326404,3F:89:38:5D:A7:DE,-72,Unknown,
2026-03-16T16:17:59.326922,0B:BD:F6:DB:50:07,-70,Unknown,
2026-03-16T16:17:59.346579,69:1F:A2:39:0A:62,-94,Unknown,{76: b'\x10\x06?\x1d\xaa\\LH'}
2026-03-16T16:17:59.346992,76:32:5B:FC:99:F3,-74,Unknown,{76: b'\x10\x06\x08\x1d\xf5?\x918'}
2026-03-16T16:17:59.402760,40:34:33:E3:5B:0D,-92,Unknown,{76: b'\x10\x075\x1b\x86\xc2\x1frx'}
2026-03-16T16:17:59.404111,7A:78:AB:CE:D9:A9,-80,Unknown,{76: b'\x10\x06\x0e\x1dy\xed\xb1\x18'}
2026-03-16T16:17:59.404742,5A:B9:05:5C:F8:FF,-90,Unknown,{49040: b'\xd9]&2\x00\x00'}
2026-03-16T16:17:59.424055,66:CF:26:C9:48:00,-94,Unknown,"{117: b'\x02\x18a\xb1\xc7G\xc7L\xc2\x13,p\x1a\xa4\xb8\x0f~G;\x0eS\xbfM)'}"
2026-03-16T16:17:59.448889,4F:29:00:D5:AE:DB,-94,Unknown,{18328: b'D\xae\xba\x0f\x00\x00'}
2026-03-16T16:17:59.449534,F7:48:C9:B9:3B:C3,-70,Unknown,{76: b'\x12\x02\x00\x02'}
2026-03-16T16:17:59.476832,7E:80:54:3D:71:14,-90,Unknown,{76: b'\x10\x067\x1a-\x1b\xeb?'}
2026-03-16T16:17:59.477533,E3:F8:ED:70:B9:B6,-98,Unknown,{76: b'\x12\x02\x00\x03'}
2026-03-16T16:17:59.528779,59:A9:2D:BF:32:4E,-72,Unknown,{76: b'\x10\x077\x1f7:V\xbbH'}
2026-03-16T16:17:59.558820,66:CF:26:C9:48:00,-94,Unknown,"{117: b'\x02\x18a\xb1\xc7G\xc7L\xc2\x13,p\x1a\xa4\xb8\x0f~G;\x0eS\xbfM)'}"
2026-03-16T16:17:59.559103,66:1F:B6:80:98:D8,-80,Unknown,{76: b'\x10\x06\n\x1d\xcf\x1d*\x08'}
2026-03-16T16:17:59.610486,0B:BD:F6:DB:50:07,-76,Unknown,
2026-03-16T16:17:59.610825,64:C9:4C:31:47:39,-82,Unknown,{76: b'\x10\x07=\x1f\x14\t\xb0\x058'}
2026-03-16T16:17:59.613069,6D:1D:DF:AD:9A:CF,-80,Unknown,{76: b'\x10\x07{\x1fEx\x19M\xc8'}
2026-03-16T16:17:59.642679,7E:00:81:41:FA:B6,-86,LE_WF-C500,
2026-03-16T16:17:59.643092,53:F8:AD:FB:72:83,-70,Unknown,{76: b'\x10\x07<\x1f1eN\xaf\x18'}
2026-03-16T16:17:59.643343,6E:B3:CA:B1:E4:9B,-88,Unknown,{76: b'\x10\x05\r\x18q+\xd0'}
2026-03-16T16:17:59.643924,3B:07:65:2C:C5:60,-94,Unknown,"{6: b'\x01\t ""\xa1\xd3\xc3\x83\xfay\x01\xc5\xad\xb7n\x1a7\xc8\x8fl\xa1r\xe7\xab\xdf-\xdd'}"
2026-03-16T16:17:59.713722,F3:43:F8:27:76:25,-82,Inspire 3,
2026-03-16T16:17:59.740727,7E:FF:17:E3:CF:34,-90,Unknown,"{117: b'\x02\x18a\xb1\xda\xaf=\xee\xe4.\xc72\x15\x0e\x96\x17\xf2\xac\xcc\xcb\xae!""t'}"
2026-03-16T16:17:59.741224,4D:39:28:C6:A0:AD,-82,Unknown,{76: b'\x16\x08\x00\xd2\xb1\x07\xa8x\xe9K'}
2026-03-16T16:17:59.767691,75:74:F6:1B:A3:F0,-68,Unknown,{76: b'\x10\x07 \x1f)\xa6h\xcf8'}
2026-03-16T16:17:59.818860,4E:37:4D:F9:CC:C5,-90,Unknown,{76: b'\x07\x19\x01\x1f +\x04\x80\x00\x12\xc4\x9b\xc3\x9c\xe5\xf4R\xf9\xb9\x01\x8d\x91\x0e\xee\xa2`4'}
2026-03-16T16:17:59.819478,47:CD:A2:34:96:64,-94,Unknown,{117: b'\x02\x18b\xb1\xc7G\x83\xec\xcak\x10\x00L\x00\xff2\x1eD\xe9W\xb3_\x15\xd5'}
2026-03-16T16:17:59.819751,5D:ED:0F:F9:BC:2F,-92,Unknown,{117: b'\x02\x18\xaa\x00b\xc0\t\x8d\x07/\x83y\xf8!\x10#xE\xb9]&\xee\x1c\xe8\x0b7v\x98\xe0\xc6\x84\x87\x84\x85/\x82\x95\xa4hM\xec\xe9\x96\xf1\xa2\x01\xce\x07\x12\x1d\xff'}
2026-03-16T16:17:59.819959,24:D8:29:A3:A4:CE,-82,Unknown,"{6: b'\x01\t ""\x15$i\x1e%\xf0\x9bm\x9c\xa6\x06\xce\x0c\xa7C\xdcE\x0c\xf2\xed\xe8\xe3\xfd'}"
2026-03-16T16:17:59.845955,59:A9:2D:BF:32:4E,-74,Unknown,{76: b'\x10\x077\x1f7:V\xbbH'}
2026-03-16T16:17:59.846583,3D:06:8E:63:A2:14,-98,Unknown,"{6: b'\x01\x0f ""\xe9\x92\x1e(r&jN\xee\xddT\x8d\xc9}\xd5\x02\x8d\x13\x7f\xba\x009}'}"
2026-03-16T16:17:59.872090,0B:BD:F6:DB:50:07,-74,Unknown,
2026-03-16T16:17:59.898743,6D:95:7A:E5:2E:90,-76,Unknown,{76: b'\x10\x06\x0f\x1da\x9b\xaax'}
2026-03-16T16:17:59.899211,35:F7:D3:17:58:0D,-86,Unknown,"{6: b'\x01\x0f ""\xee\xcf3J\x91\x86\x8a\xaa\x84\x040\x91\x16\xf4\x12b\xee\x8afY\xfc!l'}"
2026-03-16T16:17:59.925833,7D:8D:0F:65:7D:6E,-76,Unknown,"{76: b'\x10\x07,\x1fG\xefa\x02X'}"
2026-03-16T16:17:59.926322,7A:78:AB:CE:D9:A9,-80,Unknown,{76: b'\x10\x06\x0e\x1dy\xed\xb1\x18'}
2026-03-16T16:17:59.926516,04:59:95:6D:80:B3,-74,Unknown,
2026-03-16T16:18:00.005735,40:B8:70:B5:21:6F,-64,Unknown,{76: b'\x10\x076\x1f\xe3ji\x9bX'}
2026-03-16T16:18:00.006249,4A:04:A6:AC:B4:BF,-76,Unknown,{76: b'\x10\x06\x03\x1d0\xd1s\x18'}
2026-03-16T16:18:00.006663,60:C9:0A:91:94:3E,-74,Unknown,{76: b'\x10\x06\x03\x1d\x95\xee\xcaH'}
2026-03-16T16:18:00.052622,E0:89:7E:7E:1F:45,-88,Unknown,{76: b'\x10\x05\t\x14\xa8H\xf9'}
2026-03-16T16:18:00.053062,07:79:C4:6F:3C:C4,-98,Unknown,"{6: b'\x01\t ""\x06@\xd6,L\xbcn\xb7\xe8\xa05\xce\xa4z\xe8q|3\xc0\xbd8SQ'}"
2026-03-16T16:18:00.107785,49:8D:9F:83:E2:E2,-96,Unknown,{76: b'\x10\x05\x07\x18&\xf0$'}
2026-03-16T16:18:00.108478,7E:00:81:41:FA:B6,-82,LE_WF-C500,
2026-03-16T16:18:00.135645,66:1F:B6:80:98:D8,-82,Unknown,{76: b'\x10\x06\n\x1d\xcf\x1d*\x08'}
2026-03-16T16:18:00.136071,25:A1:1F:B7:45:41,-98,Unknown,
2026-03-16T16:18:00.136505,6D:1D:DF:AD:9A:CF,-78,Unknown,{76: b'\x10\x07{\x1fEx\x19M\xc8'}
2026-03-16T16:18:00.161683,66:CF:26:C9:48:00,-96,Unknown,"{117: b'\x02\x18a\xb1\xc7G\xc7L\xc2\x13,p\x1a\xa4\xb8\x0f~G;\x0eS\xbfM)'}"
2026-03-16T16:18:00.163940,76:32:5B:FC:99:F3,-70,Unknown,{76: b'\x10\x06\x08\x1d\xf5?\x918'}
2026-03-16T16:18:00.190356,62:D0:1D:87:C2:E0,-94,Unknown,"{76: b'\x10\x06)\x1e\x82\xc1\xad""'}"
2026-03-16T16:18:00.191087,7D:FA:74:CF:97:AC,-90,Unknown,{76: b'\x10\x074\x1f\xe6j\xf4Rh'}
2026-03-16T16:18:00.261533,7D:8D:0F:65:7D:6E,-78,Unknown,"{76: b'\x10\x07,\x1fG\xefa\x02X'}"
2026-03-16T16:18:00.289557,49:8D:9F:83:E2:E2,-94,Unknown,{76: b'\x10\x05\x07\x18&\xf0$'}
2026-03-16T16:18:00.318607,7E:FF:17:E3:CF:34,-90,Unknown,"{117: b'\x02\x18a\xb1\xda\xaf=\xee\xe4.\xc72\x15\x0e\x96\x17\xf2\xac\xcc\xcb\xae!""t'}"
2026-03-16T16:18:00.319359,66:CF:26:C9:48:00,-94,Unknown,"{117: b'\x02\x18a\xb1\xc7G\xc7L\xc2\x13,p\x1a\xa4\xb8\x0f~G;\x0eS\xbfM)'}"
2026-03-16T16:18:00.379749,75:74:F6:1B:A3:F0,-68,Unknown,{76: b'\x10\x07 \x1f)\xa6h\xcf8'}
2026-03-16T16:18:00.380535,7B:02:8A:8B:6C:9B,-88,Unknown,{76: b'\x10\x07\x1c\x1f\xa7Ed\xd2H'}
2026-03-16T16:18:00.380828,3D:5D:8F:2A:E3:1C,-76,Unknown,
2026-03-16T16:18:00.381305,5A:B9:05:5C:F8:FF,-88,Unknown,{49040: b'\xd9]&2\x00\x00'}
2026-03-16T16:18:00.381918,DC:4B:F2:2D:53:B0,-94,Unknown,{76: b'\x12\x02\x00\x02'}
2026-03-16T16:18:00.382891,59:A9:2D:BF:32:4E,-72,Unknown,{76: b'\x10\x077\x1f7:V\xbbH'}
2026-03-16T16:18:00.393678,EA:8F:A5:C7:14:A6,-82,Unknown,{76: b'\x12\x02\x00\x00'}
2026-03-16T16:18:00.423057,64:C9:4C:31:47:39,-84,Unknown,{76: b'\x10\x07=\x1f\x14\t\xb0\x058'}
